season,matchweek,home_team,away_team,home_gol,away_gol,played,h,a
2020/2021,1,Fiorentina,Torino,1,0,True,1,2
2020/2021,1,Hellas Verona,Roma,3,0,True,3,4
2020/2021,1,Parma,Napoli,0,2,True,5,6
2020/2021,1,Genoa,Crotone,4,1,True,7,8
2020/2021,1,Sassuolo,Cagliari,1,1,True,9,10
2020/2021,1,Juventus,Sampdoria,3,0,True,11,12
2020/2021,1,Milan,Bologna,2,0,True,13,14
2020/2021,2,Torino,Atalanta,2,4,True,2,15
2020/2021,2,Sampdoria,Benevento,2,3,True,12,16
2020/2021,2,Cagliari,Lazio,0,2,True,10,17
2020/2021,2,Inter,Fiorentina,4,3,True,18,1
2020/2021,2,Spezia,Sassuolo,1,4,True,19,9
2020/2021,2,Hellas Verona,Udinese,1,0,True,3,20
2020/2021,2,Napoli,Genoa,6,0,True,6,7
2020/2021,2,Crotone,Milan,0,2,True,8,13
2020/2021,2,Roma,Juventus,2,2,True,4,11
2020/2021,2,Bologna,Parma,4,1,True,14,5
2020/2021,1,Udinese,Spezia,0,2,True,20,19
2020/2021,1,Benevento,Inter,2,5,True,16,18
2020/2021,1,Lazio,Atalanta,1,4,True,17,15
2020/2021,3,Fiorentina,Sampdoria,1,2,True,1,12
2020/2021,3,Sassuolo,Crotone,4,1,True,9,8
2020/2021,3,Udinese,Roma,0,1,True,20,4
2020/2021,3,Atalanta,Cagliari,5,2,True,15,10
2020/2021,3,Lazio,Inter,1,1,True,17,18
2020/2021,3,Parma,Hellas Verona,1,0,True,5,3
2020/2021,3,Benevento,Bologna,1,0,True,16,14
2020/2021,3,Milan,Spezia,3,0,True,13,19
2020/2021,4,Napoli,Atalanta,4,1,True,6,15
2020/2021,4,Inter,Milan,1,2,True,18,13
2020/2021,4,Sampdoria,Lazio,3,0,True,12,17
2020/2021,4,Crotone,Juventus,1,1,True,8,11
2020/2021,4,Bologna,Sassuolo,3,4,True,14,9
2020/2021,4,Torino,Cagliari,2,3,True,2,10
2020/2021,4,Spezia,Fiorentina,2,2,True,19,1
2020/2021,4,Udinese,Parma,3,2,True,20,5
2020/2021,4,Roma,Benevento,5,2,True,4,16
2020/2021,4,Hellas Verona,Genoa,0,0,True,3,7
2020/2021,5,Sassuolo,Torino,3,3,True,9,2
2020/2021,5,Atalanta,Sampdoria,1,3,True,15,12
2020/2021,5,Genoa,Inter,0,2,True,7,18
2020/2021,5,Lazio,Bologna,2,1,True,17,14
2020/2021,5,Cagliari,Crotone,4,2,True,10,8
2020/2021,5,Parma,Spezia,2,2,True,5,19
2020/2021,5,Benevento,Napoli,1,2,True,16,6
2020/2021,5,Fiorentina,Udinese,3,2,True,1,20
2020/2021,5,Juventus,Hellas Verona,1,1,True,11,3
2020/2021,5,Milan,Roma,3,3,True,13,4
2020/2021,6,Crotone,Atalanta,1,2,True,8,15
2020/2021,6,Inter,Parma,2,2,True,18,5
2020/2021,6,Bologna,Cagliari,3,2,True,14,10
2020/2021,6,Udinese,Milan,1,2,True,20,13
2020/2021,6,Torino,Lazio,3,4,True,2,17
2020/2021,6,Spezia,Juventus,1,4,True,19,11
2020/2021,6,Napoli,Sassuolo,0,2,True,6,9
2020/2021,6,Roma,Fiorentina,2,0,True,4,1
2020/2021,6,Sampdoria,Genoa,1,1,True,12,7
2020/2021,6,Hellas Verona,Benevento,3,1,True,3,16
2020/2021,3,Genoa,Torino,1,2,True,7,2
2020/2021,7,Sassuolo,Udinese,0,0,True,9,20
2020/2021,7,Cagliari,Sampdoria,2,0,True,10,12
2020/2021,7,Benevento,Spezia,0,3,True,16,19
2020/2021,7,Parma,Fiorentina,0,0,True,5,1
2020/2021,7,Lazio,Juventus,1,1,True,17,11
2020/2021,7,Atalanta,Inter,1,1,True,15,18
2020/2021,7,Torino,Crotone,0,0,True,2,8
2020/2021,7,Genoa,Roma,1,3,True,7,4
2020/2021,7,Bologna,Napoli,0,1,True,14,6
2020/2021,7,Milan,Hellas Verona,2,2,True,13,3
2020/2021,8,Crotone,Lazio,0,2,True,8,17
2020/2021,8,Spezia,Atalanta,0,0,True,19,15
2020/2021,8,Juventus,Cagliari,2,0,True,11,10
2020/2021,8,Fiorentina,Benevento,0,1,True,1,16
2020/2021,8,Inter,Torino,4,2,True,18,2
2020/2021,8,Roma,Parma,3,0,True,4,5
2020/2021,8,Sampdoria,Bologna,1,2,True,12,14
2020/2021,8,Hellas Verona,Sassuolo,0,2,True,3,9
2020/2021,8,Udinese,Genoa,1,0,True,20,7
2020/2021,8,Napoli,Milan,1,3,True,6,13
2020/2021,9,Sassuolo,Inter,0,3,True,9,18
2020/2021,9,Benevento,Juventus,1,1,True,16,11
2020/2021,9,Atalanta,Hellas Verona,0,2,True,15,3
2020/2021,9,Lazio,Udinese,1,3,True,17,20
2020/2021,9,Milan,Fiorentina,2,0,True,13,1
2020/2021,9,Bologna,Crotone,1,0,True,14,8
2020/2021,9,Cagliari,Spezia,2,2,True,10,19
2020/2021,9,Napoli,Roma,4,0,True,6,4
2020/2021,9,Torino,Sampdoria,2,2,True,2,12
2020/2021,9,Genoa,Parma,1,2,True,7,5
2020/2021,10,Spezia,Lazio,1,2,True,19,17
2020/2021,10,Juventus,Torino,2,1,True,11,2
2020/2021,10,Inter,Bologna,3,1,True,18,14
2020/2021,10,Hellas Verona,Cagliari,1,1,True,3,10
2020/2021,10,Roma,Sassuolo,0,0,True,4,9
2020/2021,10,Parma,Benevento,0,0,True,5,16
2020/2021,10,Crotone,Napoli,0,4,True,8,6
2020/2021,10,Sampdoria,Milan,1,2,True,12,13
2020/2021,10,Fiorentina,Genoa,1,1,True,1,7
2020/2021,11,Sassuolo,Benevento,1,0,True,9,16
2020/2021,11,Crotone,Spezia,4,1,True,8,19
2020/2021,11,Torino,Udinese,2,3,True,2,20
2020/2021,11,Lazio,Hellas Verona,1,2,True,17,3
2020/2021,11,Cagliari,Inter,1,3,True,10,18
2020/2021,11,Napoli,Sampdoria,2,1,True,6,12
2020/2021,11,Atalanta,Fiorentina,3,0,True,15,1
2020/2021,11,Bologna,Roma,1,5,True,14,4
2020/2021,11,Genoa,Juventus,1,3,True,7,11
2020/2021,11,Milan,Parma,2,2,True,13,5
2020/2021,12,Udinese,Crotone,0,0,True,20,8
2020/2021,12,Benevento,Lazio,1,1,True,16,17
2020/2021,12,Juventus,Atalanta,1,1,True,11,15
2020/2021,12,Inter,Napoli,1,0,True,18,6
2020/2021,12,Fiorentina,Sassuolo,1,1,True,1,9
2020/2021,12,Parma,Cagliari,0,0,True,5,10
2020/2021,12,Genoa,Milan,2,2,True,7,13
2020/2021,12,Spezia,Bologna,2,2,True,19,14
2020/2021,12,Hellas Verona,Sampdoria,1,2,True,3,12
2020/2021,12,Roma,Torino,3,1,True,4,2
2020/2021,13,Fiorentina,Hellas Verona,1,1,True,1,3
2020/2021,13,Sampdoria,Crotone,3,1,True,12,8
2020/2021,13,Parma,Juventus,0,4,True,5,11
2020/2021,13,Torino,Bologna,1,1,True,2,14
2020/2021,13,Inter,Spezia,2,1,True,18,19
2020/2021,13,Cagliari,Udinese,1,1,True,10,20
2020/2021,13,Sassuolo,Milan,1,2,True,9,13
2020/2021,13,Benevento,Genoa,2,0,True,16,7
2020/2021,13,Atalanta,Roma,4,1,True,15,4
2020/2021,13,Lazio,Napoli,2,0,True,17,6
2020/2021,14,Crotone,Parma,2,1,True,8,5
2020/2021,14,Juventus,Fiorentina,0,3,True,11,1
2020/2021,14,Hellas Verona,Inter,1,2,True,3,18
2020/2021,14,Napoli,Torino,1,1,True,6,2
2020/2021,14,Roma,Cagliari,3,2,True,4,10
2020/2021,14,Milan,Lazio,3,2,True,13,17
2020/2021,14,Udinese,Benevento,0,2,True,20,16
2020/2021,14,Sampdoria,Sassuolo,2,3,True,12,9
2020/2021,14,Bologna,Atalanta,2,2,True,14,15
2020/2021,14,Spezia,Genoa,1,2,True,19,7
2020/2021,15,Inter,Crotone,6,2,True,18,8
2020/2021,15,Fiorentina,Bologna,0,0,True,1,14
2020/2021,15,Roma,Sampdoria,1,0,True,4,12
2020/2021,15,Parma,Torino,0,3,True,5,2
2020/2021,15,Atalanta,Sassuolo,5,1,True,15,9
2020/2021,15,Cagliari,Napoli,1,4,True,10,6
2020/2021,15,Genoa,Lazio,1,1,True,7,17
2020/2021,15,Spezia,Hellas Verona,0,1,True,19,3
2020/2021,15,Benevento,Milan,0,2,True,16,13
2020/2021,15,Juventus,Udinese,4,1,True,11,20
2020/2021,16,Cagliari,Benevento,1,2,True,10,16
2020/2021,16,Lazio,Fiorentina,2,1,True,17,1
2020/2021,16,Sampdoria,Inter,2,1,True,12,18
2020/2021,16,Torino,Hellas Verona,1,1,True,2,3
2020/2021,16,Bologna,Udinese,2,2,True,14,20
2020/2021,16,Sassuolo,Genoa,2,1,True,9,7
2020/2021,16,Crotone,Roma,1,3,True,8,4
2020/2021,16,Atalanta,Parma,3,0,True,15,5
2020/2021,16,Napoli,Spezia,1,2,True,6,19
2020/2021,16,Milan,Juventus,1,3,True,13,11
2020/2021,17,Benevento,Atalanta,1,4,True,16,15
2020/2021,17,Genoa,Bologna,2,0,True,7,14
2020/2021,17,Milan,Torino,2,0,True,13,2
2020/2021,17,Roma,Inter,2,2,True,4,18
2020/2021,17,Parma,Lazio,0,2,True,5,17
2020/2021,17,Udinese,Napoli,1,2,True,20,6
2020/2021,17,Hellas Verona,Crotone,2,1,True,3,8
2020/2021,17,Fiorentina,Cagliari,1,0,True,1,10
2020/2021,17,Juventus,Sassuolo,3,1,True,11,9
2020/2021,17,Spezia,Sampdoria,2,1,True,19,12
2020/2021,18,Lazio,Roma,3,0,True,17,4
2020/2021,18,Bologna,Hellas Verona,1,0,True,14,3
2020/2021,18,Torino,Spezia,0,0,True,2,19
2020/2021,18,Sampdoria,Udinese,2,1,True,12,20
2020/2021,18,Napoli,Fiorentina,6,0,True,6,1
2020/2021,18,Sassuolo,Parma,1,1,True,9,5
2020/2021,18,Crotone,Benevento,4,1,True,8,16
2020/2021,18,Atalanta,Genoa,0,0,True,15,7
2020/2021,18,Inter,Juventus,2,0,True,18,11
2020/2021,18,Cagliari,Milan,0,2,True,10,13
2020/2021,10,Udinese,Atalanta,1,1,True,20,15
2020/2021,19,Benevento,Torino,2,2,True,16,2
2020/2021,19,Roma,Spezia,4,3,True,4,19
2020/2021,19,Milan,Atalanta,0,3,True,13,15
2020/2021,19,Udinese,Inter,0,0,True,20,18
2020/2021,19,Fiorentina,Crotone,2,1,True,1,8
2020/2021,19,Juventus,Bologna,2,0,True,11,14
2020/2021,19,Genoa,Cagliari,1,0,True,7,10
2020/2021,19,Hellas Verona,Napoli,3,1,True,3,6
2020/2021,19,Lazio,Sassuolo,2,1,True,17,9
2020/2021,19,Parma,Sampdoria,0,2,True,5,12
2020/2021,20,Torino,Fiorentina,1,1,True,2,1
2020/2021,20,Bologna,Milan,1,2,True,14,13
2020/2021,20,Sampdoria,Juventus,0,2,True,12,11
2020/2021,20,Inter,Benevento,4,0,True,18,16
2020/2021,20,Spezia,Udinese,0,1,True,19,20
2020/2021,20,Atalanta,Lazio,1,3,True,15,17
2020/2021,20,Cagliari,Sassuolo,1,1,True,10,9
2020/2021,20,Crotone,Genoa,0,3,True,8,7
2020/2021,20,Napoli,Parma,2,0,True,6,5
2020/2021,20,Roma,Hellas Verona,3,1,True,4,3
2020/2021,21,Fiorentina,Inter,0,2,True,1,18
2020/2021,21,Atalanta,Torino,3,3,True,15,2
2020/2021,21,Sassuolo,Spezia,1,2,True,9,19
2020/2021,21,Juventus,Roma,2,0,True,11,4
2020/2021,21,Genoa,Napoli,2,1,True,7,6
2020/2021,21,Benevento,Sampdoria,1,1,True,16,12
2020/2021,21,Milan,Crotone,4,0,True,13,8
2020/2021,21,Udinese,Hellas Verona,2,0,True,20,3
2020/2021,21,Parma,Bologna,0,3,True,5,14
2020/2021,21,Lazio,Cagliari,1,0,True,17,10
2020/2021,22,Bologna,Benevento,1,1,True,14,16
2020/2021,22,Torino,Genoa,0,0,True,2,7
2020/2021,22,Napoli,Juventus,1,0,True,6,11
2020/2021,22,Spezia,Milan,2,0,True,19,13
2020/2021,22,Roma,Udinese,3,0,True,4,20
2020/2021,22,Sampdoria,Fiorentina,2,1,True,12,1
2020/2021,22,Cagliari,Atalanta,0,1,True,10,15
2020/2021,22,Crotone,Sassuolo,1,2,True,8,9
2020/2021,22,Inter,Lazio,3,1,True,18,17
2020/2021,22,Hellas Verona,Parma,2,1,True,3,5
2020/2021,23,Fiorentina,Spezia,3,0,True,1,19
2020/2021,23,Cagliari,Torino,0,1,True,10,2
2020/2021,23,Lazio,Sampdoria,1,0,True,17,12
2020/2021,23,Genoa,Hellas Verona,2,2,True,7,3
2020/2021,23,Sassuolo,Bologna,1,1,True,9,14
2020/2021,23,Parma,Udinese,2,2,True,5,20
2020/2021,23,Milan,Inter,0,3,True,13,18
2020/2021,23,Atalanta,Napoli,4,2,True,15,6
2020/2021,23,Benevento,Roma,0,0,True,16,4
2020/2021,23,Juventus,Crotone,3,0,True,11,8
2020/2021,24,Spezia,Parma,2,2,True,19,5
2020/2021,24,Bologna,Lazio,2,0,True,14,17
2020/2021,24,Hellas Verona,Juventus,1,1,True,3,11
2020/2021,24,Sampdoria,Atalanta,0,2,True,12,15
2020/2021,24,Inter,Genoa,3,0,True,18,7
2020/2021,24,Udinese,Fiorentina,1,0,True,20,1
2020/2021,24,Crotone,Cagliari,0,2,True,8,10
2020/2021,24,Napoli,Benevento,2,0,True,6,16
2020/2021,24,Roma,Milan,1,2,True,4,13
2020/2021,25,Juventus,Spezia,3,0,True,11,19
2020/2021,25,Sassuolo,Napoli,3,3,True,9,6
2020/2021,25,Fiorentina,Roma,1,2,True,1,4
2020/2021,25,Milan,Udinese,1,1,True,13,20
2020/2021,25,Atalanta,Crotone,5,1,True,15,8
2020/2021,25,Cagliari,Bologna,1,0,True,10,14
2020/2021,25,Genoa,Sampdoria,1,1,True,7,12
2020/2021,25,Benevento,Hellas Verona,0,3,True,16,3
2020/2021,25,Parma,Inter,1,2,True,5,18
2020/2021,26,Spezia,Benevento,1,1,True,19,16
2020/2021,26,Udinese,Sassuolo,2,0,True,20,9
2020/2021,26,Juventus,Lazio,3,1,True,11,17
2020/2021,26,Roma,Genoa,1,0,True,4,7
2020/2021,26,Fiorentina,Parma,3,3,True,1,5
2020/2021,26,Hellas Verona,Milan,0,2,True,3,13
2020/2021,26,Crotone,Torino,4,2,True,8,2
2020/2021,26,Sampdoria,Cagliari,2,2,True,12,10
2020/2021,26,Napoli,Bologna,3,1,True,6,14
2020/2021,26,Inter,Atalanta,1,0,True,18,15
2020/2021,27,Lazio,Crotone,3,2,True,17,8
2020/2021,27,Atalanta,Spezia,3,1,True,15,19
2020/2021,27,Sassuolo,Hellas Verona,3,2,True,9,3
2020/2021,27,Benevento,Fiorentina,1,4,True,16,1
2020/2021,27,Genoa,Udinese,1,1,True,7,20
2020/2021,27,Bologna,Sampdoria,3,1,True,14,12
2020/2021,27,Parma,Roma,2,0,True,5,4
2020/2021,27,Torino,Inter,1,2,True,2,18
2020/2021,27,Cagliari,Juventus,1,3,True,10,11
2020/2021,27,Milan,Napoli,0,1,True,13,6
2020/2021,24,Torino,Sassuolo,3,2,True,2,9
2020/2021,28,Parma,Genoa,1,2,True,5,7
2020/2021,28,Crotone,Bologna,2,3,True,8,14
2020/2021,28,Spezia,Cagliari,2,1,True,19,10
2020/2021,28,Hellas Verona,Atalanta,0,2,True,3,15
2020/2021,28,Juventus,Benevento,0,1,True,11,16
2020/2021,28,Udinese,Lazio,0,1,True,20,17
2020/2021,28,Sampdoria,Torino,1,0,True,12,2
2020/2021,28,Fiorentina,Milan,2,3,True,1,13
2020/2021,28,Roma,Napoli,0,2,True,4,6
2020/2021,29,Milan,Sampdoria,1,1,True,13,12
2020/2021,29,Napoli,Crotone,4,3,True,6,8
2020/2021,29,Lazio,Spezia,2,1,True,17,19
2020/2021,29,Atalanta,Udinese,3,2,True,15,20
2020/2021,29,Cagliari,Hellas Verona,0,2,True,10,3
2020/2021,29,Genoa,Fiorentina,1,1,True,7,1
2020/2021,29,Sassuolo,Roma,2,2,True,9,4
2020/2021,29,Benevento,Parma,2,2,True,16,5
2020/2021,29,Torino,Juventus,2,2,True,2,11
2020/2021,29,Bologna,Inter,0,1,True,14,18
2020/2021,28,Inter,Sassuolo,2,1,True,18,9
2020/2021,3,Juventus,Napoli,2,1,True,11,6
2020/2021,30,Spezia,Crotone,3,2,True,19,8
2020/2021,30,Parma,Milan,1,3,True,5,13
2020/2021,30,Udinese,Torino,0,1,True,20,2
2020/2021,30,Inter,Cagliari,1,0,True,18,10
2020/2021,30,Juventus,Genoa,3,1,True,11,7
2020/2021,30,Sampdoria,Napoli,0,2,True,12,6
2020/2021,30,Hellas Verona,Lazio,0,1,True,3,17
2020/2021,30,Roma,Bologna,1,0,True,4,14
2020/2021,30,Fiorentina,Atalanta,2,3,True,1,15
2020/2021,30,Benevento,Sassuolo,0,1,True,16,9
2020/2021,31,Sampdoria,Hellas Verona,3,1,True,12,3
2020/2021,31,Crotone,Udinese,1,2,True,8,20
2020/2021,31,Sassuolo,Fiorentina,3,1,True,9,1
2020/2021,31,Cagliari,Parma,4,3,True,10,5
2020/2021,31,Milan,Genoa,2,1,True,13,7
2020/2021,31,Lazio,Benevento,5,3,True,17,16
2020/2021,31,Atalanta,Juventus,1,0,True,15,11
2020/2021,31,Bologna,Spezia,4,1,True,14,19
2020/2021,31,Torino,Roma,3,1,True,2,4
2020/2021,31,Napoli,Inter,1,1,True,6,18
2020/2021,32,Hellas Verona,Fiorentina,1,2,True,3,1
2020/2021,32,Milan,Sassuolo,1,2,True,13,9
2020/2021,32,Juventus,Parma,3,1,True,11,5
2020/2021,32,Udinese,Cagliari,0,1,True,20,10
2020/2021,32,Bologna,Torino,1,1,True,14,2
2020/2021,32,Genoa,Benevento,2,2,True,7,16
2020/2021,32,Spezia,Inter,1,1,True,19,18
2020/2021,32,Crotone,Sampdoria,0,1,True,8,12
2020/2021,32,Roma,Atalanta,1,1,True,4,15
2020/2021,32,Napoli,Lazio,5,2,True,6,17
2020/2021,33,Genoa,Spezia,2,0,True,7,19
2020/2021,33,Parma,Crotone,3,4,True,5,8
2020/2021,33,Sassuolo,Sampdoria,1,0,True,9,12
2020/2021,33,Benevento,Udinese,2,4,True,16,20
2020/2021,33,Inter,Hellas Verona,1,0,True,18,3
2020/2021,33,Fiorentina,Juventus,1,1,True,1,11
2020/2021,33,Cagliari,Roma,3,2,True,10,4
2020/2021,33,Atalanta,Bologna,5,0,True,15,14
2020/2021,33,Torino,Napoli,0,2,True,2,6
2020/2021,33,Lazio,Milan,3,0,True,17,13
2020/2021,34,Hellas Verona,Spezia,1,1,True,3,19
2020/2021,34,Crotone,Inter,0,2,True,8,18
2020/2021,34,Milan,Benevento,2,0,True,13,16
2020/2021,34,Lazio,Genoa,4,3,True,17,7
2020/2021,34,Napoli,Cagliari,1,1,True,6,10
2020/2021,34,Bologna,Fiorentina,3,3,True,14,1
2020/2021,34,Sassuolo,Atalanta,1,1,True,9,15
2020/2021,34,Udinese,Juventus,1,2,True,20,11
2020/2021,34,Sampdoria,Roma,2,0,True,12,4
2020/2021,34,Torino,Parma,1,0,True,2,5
2020/2021,35,Udinese,Bologna,1,1,True,20,14
2020/2021,35,Spezia,Napoli,1,4,True,19,6
2020/2021,35,Inter,Sampdoria,5,1,True,18,12
2020/2021,35,Fiorentina,Lazio,2,0,True,1,17
2020/2021,35,Genoa,Sassuolo,1,2,True,7,9
2020/2021,35,Parma,Atalanta,2,5,True,5,15
2020/2021,35,Hellas Verona,Torino,1,1,True,3,2
2020/2021,35,Benevento,Cagliari,1,3,True,16,10
2020/2021,35,Roma,Crotone,5,0,True,4,8
2020/2021,35,Juventus,Milan,0,3,True,11,13
2020/2021,36,Napoli,Udinese,5,1,True,6,20
2020/2021,36,Cagliari,Fiorentina,0,0,True,10,1
2020/2021,36,Lazio,Parma,1,0,True,17,5
2020/2021,36,Atalanta,Benevento,2,0,True,15,16
2020/2021,36,Sampdoria,Spezia,2,2,True,12,19
2020/2021,36,Torino,Milan,0,7,True,2,13
2020/2021,36,Bologna,Genoa,0,2,True,14,7
2020/2021,36,Sassuolo,Juventus,1,3,True,9,11
2020/2021,36,Inter,Roma,3,1,True,18,4
2020/2021,36,Crotone,Hellas Verona,2,1,True,8,3
2020/2021,37,Genoa,Atalanta,3,4,True,7,15
2020/2021,37,Spezia,Torino,4,1,True,19,2
2020/2021,37,Juventus,Inter,3,2,True,11,18
2020/2021,37,Roma,Lazio,2,0,True,4,17
2020/2021,37,Fiorentina,Napoli,0,2,True,1,6
2020/2021,37,Udinese,Sampdoria,0,1,True,20,12
2020/2021,37,Benevento,Crotone,1,1,True,16,8
2020/2021,37,Parma,Sassuolo,1,3,True,5,9
2020/2021,37,Milan,Cagliari,0,0,True,13,10
2020/2021,37,Hellas Verona,Bologna,2,2,True,3,14
2020/2021,25,Lazio,Torino,0,0,True,17,2
2020/2021,38,Sampdoria,Parma,3,0,True,12,5
2020/2021,38,Cagliari,Genoa,0,1,True,10,7
2020/2021,38,Crotone,Fiorentina,0,0,True,8,1
2020/2021,38,Inter,Udinese,5,1,True,18,20
2020/2021,38,Napoli,Hellas Verona,1,1,True,6,3
2020/2021,38,Atalanta,Milan,0,2,True,15,13
2020/2021,38,Torino,Benevento,1,1,True,2,16
2020/2021,38,Bologna,Juventus,1,4,True,14,11
2020/2021,38,Spezia,Roma,2,2,True,19,4
2020/2021,38,Sassuolo,Lazio,2,0,True,9,17
2021/2022,1,Inter,Genoa,4,0,True,18,7
2021/2022,1,Hellas Verona,Sassuolo,2,3,True,3,9
2021/2022,1,Torino,Atalanta,1,2,True,2,15
2021/2022,1,Empoli,Lazio,1,3,True,21,17
2021/2022,1,Udinese,Juventus,2,2,True,20,11
2021/2022,1,Bologna,Salernitana,3,2,True,14,22
2021/2022,1,Roma,Fiorentina,3,1,True,4,1
2021/2022,1,Napoli,Venezia,2,0,True,6,23
2021/2022,1,Cagliari,Spezia,2,2,True,10,19
2021/2022,1,Sampdoria,Milan,0,1,True,12,13
2021/2022,2,Udinese,Venezia,3,0,True,20,23
2021/2022,2,Hellas Verona,Inter,1,3,True,3,18
2021/2022,2,Lazio,Spezia,6,1,True,17,19
2021/2022,2,Atalanta,Bologna,0,0,True,15,14
2021/2022,2,Juventus,Empoli,0,1,True,11,21
2021/2022,2,Fiorentina,Torino,2,1,True,1,2
2021/2022,2,Sassuolo,Sampdoria,0,0,True,9,12
2021/2022,2,Genoa,Napoli,1,2,True,7,6
2021/2022,2,Salernitana,Roma,0,4,True,22,4
2021/2022,2,Milan,Cagliari,4,1,True,13,10
2021/2022,3,Empoli,Venezia,1,2,True,21,23
2021/2022,3,Napoli,Juventus,2,1,True,6,11
2021/2022,3,Atalanta,Fiorentina,1,2,True,15,1
2021/2022,3,Sampdoria,Inter,2,2,True,12,18
2021/2022,3,Torino,Salernitana,4,0,True,2,22
2021/2022,3,Spezia,Udinese,0,1,True,19,20
2021/2022,3,Cagliari,Genoa,2,3,True,10,7
2021/2022,3,Milan,Lazio,2,0,True,13,17
2021/2022,3,Roma,Sassuolo,2,1,True,4,9
2021/2022,3,Bologna,Hellas Verona,1,0,True,14,3
2021/2022,4,Sassuolo,Torino,0,1,True,9,2
2021/2022,4,Genoa,Fiorentina,1,2,True,7,1
2021/2022,4,Inter,Bologna,6,1,True,18,14
2021/2022,4,Salernitana,Atalanta,0,1,True,22,15
2021/2022,4,Empoli,Sampdoria,0,3,True,21,12
2021/2022,4,Venezia,Spezia,1,2,True,23,19
2021/2022,4,Lazio,Cagliari,2,2,True,17,10
2021/2022,4,Hellas Verona,Roma,3,2,True,3,4
2021/2022,4,Juventus,Milan,1,1,True,11,13
2021/2022,4,Udinese,Napoli,0,4,True,20,6
2021/2022,5,Bologna,Genoa,2,2,True,14,7
2021/2022,5,Fiorentina,Inter,1,3,True,1,18
2021/2022,5,Atalanta,Sassuolo,2,1,True,15,9
2021/2022,5,Spezia,Juventus,2,3,True,19,11
2021/2022,5,Salernitana,Hellas Verona,2,2,True,22,3
2021/2022,5,Milan,Venezia,2,0,True,13,23
2021/2022,5,Cagliari,Empoli,0,2,True,10,21
2021/2022,5,Torino,Lazio,1,1,True,2,17
2021/2022,5,Sampdoria,Napoli,0,4,True,12,6
2021/2022,5,Roma,Udinese,1,0,True,4,20
2021/2022,6,Spezia,Milan,1,2,True,19,13
2021/2022,6,Inter,Atalanta,2,2,True,18,15
2021/2022,6,Genoa,Hellas Verona,3,3,True,7,3
2021/2022,6,Juventus,Sampdoria,3,2,True,11,12
2021/2022,6,Empoli,Bologna,4,2,True,21,14
2021/2022,6,Udinese,Fiorentina,0,1,True,20,1
2021/2022,6,Sassuolo,Salernitana,1,0,True,9,22
2021/2022,6,Lazio,Roma,3,2,True,17,4
2021/2022,6,Napoli,Cagliari,2,0,True,6,10
2021/2022,6,Venezia,Torino,1,1,True,23,2
2021/2022,7,Cagliari,Venezia,1,1,True,10,23
2021/2022,7,Salernitana,Genoa,1,0,True,22,7
2021/2022,7,Torino,Juventus,0,1,True,2,11
2021/2022,7,Sassuolo,Inter,1,2,True,9,18
2021/2022,7,Bologna,Lazio,3,0,True,14,17
2021/2022,7,Sampdoria,Udinese,3,3,True,12,20
2021/2022,7,Hellas Verona,Spezia,4,0,True,3,19
2021/2022,7,Roma,Empoli,2,0,True,4,21
2021/2022,7,Fiorentina,Napoli,1,2,True,1,6
2021/2022,7,Atalanta,Milan,2,3,True,15,13
2021/2022,8,Spezia,Salernitana,2,1,True,19,22
2021/2022,8,Lazio,Inter,3,1,True,17,18
2021/2022,8,Milan,Hellas Verona,3,2,True,13,3
2021/2022,8,Cagliari,Sampdoria,3,1,True,10,12
2021/2022,8,Udinese,Bologna,1,1,True,20,14
2021/2022,8,Genoa,Sassuolo,2,2,True,7,9
2021/2022,8,Empoli,Atalanta,1,4,True,21,15
2021/2022,8,Napoli,Torino,1,0,True,6,2
2021/2022,8,Juventus,Roma,1,0,True,11,4
2021/2022,8,Venezia,Fiorentina,1,0,True,23,1
2021/2022,9,Torino,Genoa,3,2,True,2,7
2021/2022,9,Sampdoria,Spezia,2,1,True,12,19
2021/2022,9,Salernitana,Empoli,2,4,True,22,21
2021/2022,9,Sassuolo,Venezia,3,1,True,9,23
2021/2022,9,Bologna,Milan,2,4,True,14,13
2021/2022,9,Atalanta,Udinese,1,1,True,15,20
2021/2022,9,Hellas Verona,Lazio,4,1,True,3,17
2021/2022,9,Fiorentina,Cagliari,3,0,True,1,10
2021/2022,9,Roma,Napoli,0,0,True,4,6
2021/2022,9,Inter,Juventus,1,1,True,18,11
2021/2022,10,Venezia,Salernitana,1,2,True,23,22
2021/2022,10,Spezia,Genoa,1,1,True,19,7
2021/2022,10,Milan,Torino,1,0,True,13,2
2021/2022,10,Udinese,Hellas Verona,1,1,True,20,3
2021/2022,10,Juventus,Sassuolo,1,2,True,11,9
2021/2022,10,Sampdoria,Atalanta,1,3,True,12,15
2021/2022,10,Lazio,Fiorentina,1,0,True,17,1
2021/2022,10,Empoli,Inter,0,2,True,21,18
2021/2022,10,Cagliari,Roma,1,2,True,10,4
2021/2022,10,Napoli,Bologna,3,0,True,6,14
2021/2022,11,Atalanta,Lazio,2,2,True,15,17
2021/2022,11,Hellas Verona,Juventus,2,1,True,3,11
2021/2022,11,Torino,Sampdoria,3,0,True,2,12
2021/2022,11,Inter,Udinese,2,0,True,18,20
2021/2022,11,Sassuolo,Empoli,1,2,True,9,21
2021/2022,11,Genoa,Venezia,0,0,True,7,23
2021/2022,11,Fiorentina,Spezia,3,0,True,1,19
2021/2022,11,Salernitana,Napoli,0,1,True,22,6
2021/2022,11,Roma,Milan,1,2,True,4,13
2021/2022,11,Bologna,Cagliari,2,0,True,14,10
2021/2022,12,Empoli,Genoa,2,2,True,21,7
2021/2022,12,Spezia,Torino,1,0,True,19,2
2021/2022,12,Juventus,Fiorentina,1,0,True,11,1
2021/2022,12,Cagliari,Atalanta,1,2,True,10,15
2021/2022,12,Venezia,Roma,3,2,True,23,4
2021/2022,12,Udinese,Sassuolo,3,2,True,20,9
2021/2022,12,Sampdoria,Bologna,1,2,True,12,14
2021/2022,12,Napoli,Hellas Verona,1,1,True,6,3
2021/2022,12,Lazio,Salernitana,3,0,True,17,22
2021/2022,12,Milan,Inter,1,1,True,13,18
2021/2022,13,Atalanta,Spezia,5,2,True,15,19
2021/2022,13,Lazio,Juventus,0,2,True,17,11
2021/2022,13,Fiorentina,Milan,4,3,True,1,13
2021/2022,13,Sassuolo,Cagliari,2,2,True,9,10
2021/2022,13,Salernitana,Sampdoria,0,2,True,22,12
2021/2022,13,Bologna,Venezia,0,1,True,14,23
2021/2022,13,Inter,Napoli,3,2,True,18,6
2021/2022,13,Genoa,Roma,0,2,True,7,4
2021/2022,13,Hellas Verona,Empoli,2,1,True,3,21
2021/2022,13,Torino,Udinese,2,1,True,2,20
2021/2022,14,Cagliari,Salernitana,1,1,True,10,22
2021/2022,14,Sampdoria,Hellas Verona,3,1,True,12,3
2021/2022,14,Empoli,Fiorentina,2,1,True,21,1
2021/2022,14,Juventus,Atalanta,0,1,True,11,15
2021/2022,14,Venezia,Inter,0,2,True,23,18
2021/2022,14,Udinese,Genoa,0,0,True,20,7
2021/2022,14,Milan,Sassuolo,1,3,True,13,9
2021/2022,14,Spezia,Bologna,0,1,True,19,14
2021/2022,14,Roma,Torino,1,0,True,4,2
2021/2022,14,Napoli,Lazio,4,0,True,6,17
2021/2022,15,Atalanta,Venezia,4,0,True,15,23
2021/2022,15,Fiorentina,Sampdoria,3,1,True,1,12
2021/2022,15,Salernitana,Juventus,0,2,True,22,11
2021/2022,15,Hellas Verona,Cagliari,0,0,True,3,10
2021/2022,15,Inter,Spezia,2,0,True,18,19
2021/2022,15,Bologna,Roma,1,0,True,14,4
2021/2022,15,Sassuolo,Napoli,2,2,True,9,6
2021/2022,15,Genoa,Milan,0,3,True,7,13
2021/2022,15,Torino,Empoli,2,2,True,2,21
2021/2022,15,Lazio,Udinese,4,4,True,17,20
2021/2022,16,Milan,Salernitana,2,0,True,13,22
2021/2022,16,Roma,Inter,0,3,True,4,18
2021/2022,16,Napoli,Atalanta,2,3,True,6,15
2021/2022,16,Bologna,Fiorentina,2,3,True,14,1
2021/2022,16,Venezia,Hellas Verona,3,4,True,23,3
2021/2022,16,Spezia,Sassuolo,2,2,True,19,9
2021/2022,16,Sampdoria,Lazio,1,3,True,12,17
2021/2022,16,Juventus,Genoa,2,0,True,11,7
2021/2022,16,Empoli,Udinese,3,1,True,21,20
2021/2022,16,Cagliari,Torino,1,1,True,10,2
2021/2022,17,Genoa,Sampdoria,1,3,True,7,12
2021/2022,17,Fiorentina,Salernitana,4,0,True,1,22
2021/2022,17,Venezia,Juventus,1,1,True,23,11
2021/2022,17,Udinese,Milan,1,1,True,20,13
2021/2022,17,Torino,Bologna,2,1,True,2,14
2021/2022,17,Hellas Verona,Atalanta,1,2,True,3,15
2021/2022,17,Sassuolo,Lazio,2,1,True,9,17
2021/2022,17,Napoli,Empoli,0,1,True,6,21
2021/2022,17,Inter,Cagliari,4,0,True,18,10
2021/2022,17,Roma,Spezia,2,0,True,4,19
2021/2022,18,Lazio,Genoa,3,1,True,17,7
2021/2022,18,Salernitana,Inter,0,5,True,22,18
2021/2022,18,Atalanta,Roma,1,4,True,15,4
2021/2022,18,Bologna,Juventus,0,2,True,14,11
2021/2022,18,Cagliari,Udinese,0,4,True,10,20
2021/2022,18,Fiorentina,Sassuolo,2,2,True,1,9
2021/2022,18,Spezia,Empoli,1,1,True,19,21
2021/2022,18,Torino,Hellas Verona,1,0,True,2,3
2021/2022,18,Sampdoria,Venezia,1,1,True,12,23
2021/2022,18,Milan,Napoli,0,1,True,13,6
2021/2022,19,Juventus,Cagliari,2,0,True,11,10
2021/2022,19,Genoa,Atalanta,0,0,True,7,15
2021/2022,19,Venezia,Lazio,1,3,True,23,17
2021/2022,19,Sassuolo,Bologna,0,3,True,9,14
2021/2022,19,Roma,Sampdoria,1,1,True,4,12
2021/2022,19,Inter,Torino,1,0,True,18,2
2021/2022,19,Hellas Verona,Fiorentina,1,1,True,3,1
2021/2022,19,Napoli,Spezia,0,1,True,6,19
2021/2022,19,Empoli,Milan,2,4,True,21,13
2021/2022,20,Sampdoria,Cagliari,1,2,True,12,10
2021/2022,20,Spezia,Hellas Verona,1,2,True,19,3
2021/2022,20,Lazio,Empoli,3,3,True,17,21
2021/2022,20,Sassuolo,Genoa,1,1,True,9,7
2021/2022,20,Milan,Roma,3,1,True,13,4
2021/2022,20,Juventus,Napoli,1,1,True,11,6
2021/2022,21,Venezia,Milan,0,3,True,23,13
2021/2022,21,Empoli,Sassuolo,1,5,True,21,9
2021/2022,21,Udinese,Atalanta,2,6,True,20,15
2021/2022,21,Napoli,Sampdoria,1,0,True,6,12
2021/2022,21,Roma,Juventus,3,4,True,4,11
2021/2022,21,Genoa,Spezia,0,1,True,7,19
2021/2022,21,Inter,Lazio,2,1,True,18,17
2021/2022,21,Hellas Verona,Salernitana,1,2,True,3,22
2021/2022,21,Torino,Fiorentina,4,0,True,2,1
2021/2022,21,Cagliari,Bologna,2,1,True,10,14
2021/2022,22,Sampdoria,Torino,1,2,True,12,2
2021/2022,22,Salernitana,Lazio,0,3,True,22,17
2021/2022,22,Juventus,Udinese,2,0,True,11,20
2021/2022,22,Sassuolo,Hellas Verona,2,4,True,9,3
2021/2022,22,Venezia,Empoli,1,1,True,23,21
2021/2022,22,Roma,Cagliari,1,0,True,4,10
2021/2022,22,Atalanta,Inter,0,0,True,15,18
2021/2022,22,Milan,Spezia,1,2,True,13,19
2021/2022,22,Bologna,Napoli,0,2,True,14,6
2021/2022,22,Fiorentina,Genoa,6,0,True,1,7
2021/2022,23,Hellas Verona,Bologna,2,1,True,3,14
2021/2022,23,Genoa,Udinese,0,0,True,7,20
2021/2022,23,Inter,Venezia,2,1,True,18,23
2021/2022,23,Lazio,Atalanta,0,0,True,17,15
2021/2022,23,Cagliari,Fiorentina,1,1,True,10,1
2021/2022,23,Torino,Sassuolo,1,1,True,2,9
2021/2022,23,Spezia,Sampdoria,1,0,True,19,12
2021/2022,23,Napoli,Salernitana,4,1,True,6,22
2021/2022,23,Empoli,Roma,2,4,True,21,4
2021/2022,23,Milan,Juventus,0,0,True,13,11
2021/2022,24,Roma,Genoa,0,0,True,4,7
2021/2022,24,Inter,Milan,1,2,True,18,13
2021/2022,24,Fiorentina,Lazio,0,3,True,1,17
2021/2022,24,Atalanta,Cagliari,1,2,True,15,10
2021/2022,24,Venezia,Napoli,0,2,True,23,6
2021/2022,24,Sampdoria,Sassuolo,4,0,True,12,9
2021/2022,24,Bologna,Empoli,0,0,True,14,21
2021/2022,24,Udinese,Torino,2,0,True,20,2
2021/2022,24,Juventus,Hellas Verona,2,0,True,11,3
2021/2022,24,Salernitana,Spezia,2,2,True,22,19
2021/2022,25,Lazio,Bologna,3,0,True,17,14
2021/2022,25,Napoli,Inter,1,1,True,6,18
2021/2022,25,Torino,Venezia,1,2,True,2,23
2021/2022,25,Milan,Sampdoria,1,0,True,13,12
2021/2022,25,Hellas Verona,Udinese,4,0,True,3,20
2021/2022,25,Genoa,Salernitana,1,1,True,7,22
2021/2022,25,Empoli,Cagliari,1,1,True,21,10
2021/2022,25,Sassuolo,Roma,2,2,True,9,4
2021/2022,25,Atalanta,Juventus,1,1,True,15,11
2021/2022,25,Spezia,Fiorentina,1,2,True,19,1
2021/2022,26,Juventus,Torino,1,1,True,11,2
2021/2022,26,Sampdoria,Empoli,2,0,True,12,21
2021/2022,26,Roma,Hellas Verona,2,2,True,4,3
2021/2022,26,Salernitana,Milan,2,2,True,22,13
2021/2022,26,Fiorentina,Atalanta,1,0,True,1,15
2021/2022,26,Venezia,Genoa,1,1,True,23,7
2021/2022,26,Inter,Sassuolo,0,2,True,18,9
2021/2022,26,Udinese,Lazio,1,1,True,20,17
2021/2022,26,Cagliari,Napoli,1,1,True,10,6
2021/2022,26,Bologna,Spezia,2,1,True,14,19
2021/2022,27,Milan,Udinese,1,1,True,13,20
2021/2022,27,Genoa,Inter,0,0,True,7,18
2021/2022,27,Salernitana,Bologna,1,1,True,22,14
2021/2022,27,Empoli,Juventus,2,3,True,21,11
2021/2022,27,Sassuolo,Fiorentina,2,1,True,9,1
2021/2022,27,Torino,Cagliari,1,2,True,2,10
2021/2022,27,Hellas Verona,Venezia,3,1,True,3,23
2021/2022,27,Spezia,Roma,0,1,True,19,4
2021/2022,27,Lazio,Napoli,1,2,True,17,6
2021/2022,27,Atalanta,Sampdoria,4,0,True,15,12
2021/2022,28,Inter,Salernitana,5,0,True,18,22
2021/2022,28,Udinese,Sampdoria,2,1,True,20,12
2021/2022,28,Roma,Atalanta,1,0,True,4,15
2021/2022,28,Cagliari,Lazio,0,3,True,10,17
2021/2022,28,Genoa,Empoli,0,0,True,7,21
2021/2022,28,Venezia,Sassuolo,1,4,True,23,9
2021/2022,28,Fiorentina,Hellas Verona,1,1,True,1,3
2021/2022,28,Bologna,Torino,0,0,True,14,2
2021/2022,28,Juventus,Spezia,1,0,True,11,19
2021/2022,28,Napoli,Milan,0,1,True,6,13
2021/2022,29,Spezia,Cagliari,2,0,True,19,10
2021/2022,29,Salernitana,Sassuolo,2,2,True,22,9
2021/2022,29,Sampdoria,Juventus,1,3,True,12,11
2021/2022,29,Milan,Empoli,1,0,True,13,21
2021/2022,29,Fiorentina,Bologna,1,0,True,1,14
2021/2022,29,Hellas Verona,Napoli,1,2,True,3,6
2021/2022,29,Udinese,Roma,1,1,True,20,4
2021/2022,29,Atalanta,Genoa,0,0,True,15,7
2021/2022,29,Torino,Inter,1,1,True,2,18
2021/2022,29,Lazio,Venezia,1,0,True,17,23
2021/2022,30,Sassuolo,Spezia,4,1,True,9,19
2021/2022,30,Genoa,Torino,1,0,True,7,2
2021/2022,30,Napoli,Udinese,2,1,True,6,20
2021/2022,30,Inter,Fiorentina,1,1,True,18,1
2021/2022,30,Cagliari,Milan,0,1,True,10,13
2021/2022,30,Venezia,Sampdoria,0,2,True,23,12
2021/2022,30,Juventus,Salernitana,2,0,True,11,22
2021/2022,30,Empoli,Hellas Verona,1,1,True,21,3
2021/2022,30,Roma,Lazio,3,0,True,4,17
2021/2022,30,Bologna,Atalanta,0,1,True,14,15
2021/2022,31,Spezia,Venezia,1,0,True,19,23
2021/2022,31,Lazio,Sassuolo,2,1,True,17,9
2021/2022,31,Salernitana,Torino,0,1,True,22,2
2021/2022,31,Fiorentina,Empoli,1,0,True,1,21
2021/2022,31,Udinese,Cagliari,5,1,True,20,10
2021/2022,31,Atalanta,Napoli,1,3,True,15,6
2021/2022,31,Sampdoria,Roma,0,1,True,12,4
2021/2022,31,Juventus,Inter,0,1,True,11,18
2021/2022,31,Hellas Verona,Genoa,1,0,True,3,7
2021/2022,31,Milan,Bologna,0,0,True,13,14
2021/2022,32,Empoli,Spezia,0,0,True,21,19
2021/2022,32,Inter,Hellas Verona,2,0,True,18,3
2021/2022,32,Cagliari,Juventus,1,2,True,10,11
2021/2022,32,Genoa,Lazio,1,4,True,7,17
2021/2022,32,Venezia,Udinese,1,2,True,23,20
2021/2022,32,Sassuolo,Atalanta,2,1,True,9,15
2021/2022,32,Napoli,Fiorentina,2,3,True,6,1
2021/2022,32,Roma,Salernitana,2,1,True,4,22
2021/2022,32,Torino,Milan,0,0,True,2,13
2021/2022,32,Bologna,Sampdoria,2,0,True,14,12
2021/2022,33,Spezia,Inter,1,3,True,19,18
2021/2022,33,Milan,Genoa,2,0,True,13,7
2021/2022,33,Cagliari,Sassuolo,1,0,True,10,9
2021/2022,33,Udinese,Empoli,4,1,True,20,21
2021/2022,33,Sampdoria,Salernitana,1,2,True,12,22
2021/2022,33,Fiorentina,Venezia,1,0,True,1,23
2021/2022,33,Juventus,Bologna,1,1,True,11,14
2021/2022,33,Lazio,Torino,1,1,True,17,2
2021/2022,33,Napoli,Roma,1,1,True,6,4
2021/2022,33,Atalanta,Hellas Verona,1,2,True,15,3
2021/2022,19,Udinese,Salernitana,0,1,True,20,22
2021/2022,34,Venezia,Atalanta,1,3,True,23,15
2021/2022,34,Torino,Spezia,2,1,True,2,19
2021/2022,34,Inter,Roma,3,1,True,18,4
2021/2022,34,Hellas Verona,Sampdoria,1,1,True,3,12
2021/2022,34,Salernitana,Fiorentina,2,1,True,22,1
2021/2022,34,Empoli,Napoli,3,2,True,21,6
2021/2022,34,Bologna,Udinese,2,2,True,14,20
2021/2022,34,Genoa,Cagliari,1,0,True,7,10
2021/2022,34,Lazio,Milan,1,2,True,17,13
2021/2022,34,Sassuolo,Juventus,1,2,True,9,11
2021/2022,20,Fiorentina,Udinese,0,4,True,1,20
2021/2022,20,Bologna,Inter,2,1,True,14,18
2021/2022,20,Atalanta,Torino,4,4,True,15,2
2021/2022,35,Napoli,Sassuolo,6,1,True,6,9
2021/2022,35,Cagliari,Hellas Verona,1,2,True,10,3
2021/2022,35,Sampdoria,Genoa,1,0,True,12,7
2021/2022,35,Spezia,Lazio,3,4,True,19,17
2021/2022,35,Juventus,Venezia,2,1,True,11,23
2021/2022,35,Milan,Fiorentina,1,0,True,13,1
2021/2022,35,Empoli,Torino,1,3,True,21,2
2021/2022,35,Udinese,Inter,1,2,True,20,18
2021/2022,35,Roma,Bologna,0,0,True,4,14
2021/2022,35,Atalanta,Salernitana,1,1,True,15,22
2021/2022,20,Salernitana,Venezia,2,1,True,22,23
2021/2022,36,Inter,Empoli,4,2,True,18,21
2021/2022,36,Genoa,Juventus,2,1,True,7,11
2021/2022,36,Torino,Napoli,0,1,True,2,6
2021/2022,36,Sassuolo,Udinese,1,1,True,9,20
2021/2022,36,Lazio,Sampdoria,2,0,True,17,12
2021/2022,36,Spezia,Atalanta,1,3,True,19,15
2021/2022,36,Venezia,Bologna,4,3,True,23,14
2021/2022,36,Salernitana,Cagliari,1,1,True,22,10
2021/2022,36,Hellas Verona,Milan,1,3,True,3,13
2021/2022,36,Fiorentina,Roma,2,0,True,1,4
2021/2022,37,Empoli,Salernitana,1,1,True,21,22
2021/2022,37,Udinese,Spezia,2,3,True,20,19
2021/2022,37,Hellas Verona,Torino,0,1,True,3,2
2021/2022,37,Roma,Venezia,1,1,True,4,23
2021/2022,37,Bologna,Sassuolo,1,3,True,14,9
2021/2022,37,Napoli,Genoa,3,0,True,6,7
2021/2022,37,Milan,Atalanta,2,0,True,13,15
2021/2022,37,Cagliari,Inter,1,3,True,10,18
2021/2022,37,Sampdoria,Fiorentina,4,1,True,12,1
2021/2022,37,Juventus,Lazio,2,2,True,11,17
2021/2022,38,Torino,Roma,0,3,True,2,4
2021/2022,38,Genoa,Bologna,0,1,True,7,14
2021/2022,38,Lazio,Hellas Verona,3,3,True,17,3
2021/2022,38,Fiorentina,Juventus,2,0,True,1,11
2021/2022,38,Atalanta,Empoli,0,1,True,15,21
2021/2022,38,Spezia,Napoli,0,3,True,19,6
2021/2022,38,Sassuolo,Milan,0,3,True,9,13
2021/2022,38,Inter,Sampdoria,3,0,True,18,12
2021/2022,38,Venezia,Cagliari,0,0,True,23,10
2021/2022,38,Salernitana,Udinese,0,4,True,22,20
2022/2023,1,Sampdoria,Atalanta,0,2,True,12,15
2022/2023,1,Milan,Udinese,4,2,True,13,20
2022/2023,1,Lecce,Inter,1,2,True,24,18
2022/2023,1,Monza,Torino,1,2,True,25,2
2022/2023,1,Fiorentina,Cremonese,3,2,True,1,26
2022/2023,1,Lazio,Bologna,2,1,True,17,14
2022/2023,1,Salernitana,Roma,0,1,True,22,4
2022/2023,1,Spezia,Empoli,1,0,True,19,21
2022/2023,1,Hellas Verona,Napoli,2,5,True,3,6
2022/2023,1,Juventus,Sassuolo,3,0,True,11,9
2022/2023,2,Udinese,Salernitana,0,0,True,20,22
2022/2023,2,Torino,Lazio,0,0,True,2,17
2022/2023,2,Sassuolo,Lecce,1,0,True,9,24
2022/2023,2,Inter,Spezia,3,0,True,18,19
2022/2023,2,Napoli,Monza,4,0,True,6,25
2022/2023,2,Empoli,Fiorentina,0,0,True,21,1
2022/2023,2,Bologna,Hellas Verona,1,1,True,14,3
2022/2023,2,Atalanta,Milan,1,1,True,15,13
2022/2023,2,Roma,Cremonese,1,0,True,4,26
2022/2023,2,Sampdoria,Juventus,0,0,True,12,11
2022/2023,3,Monza,Udinese,1,2,True,25,20
2022/2023,3,Lazio,Inter,3,1,True,17,18
2022/2023,3,Juventus,Roma,1,1,True,11,4
2022/2023,3,Cremonese,Torino,1,2,True,26,2
2022/2023,3,Spezia,Sassuolo,2,2,True,19,9
2022/2023,3,Milan,Bologna,2,0,True,13,14
2022/2023,3,Salernitana,Sampdoria,4,0,True,22,12
2022/2023,3,Hellas Verona,Atalanta,0,1,True,3,15
2022/2023,3,Lecce,Empoli,1,1,True,24,21
2022/2023,3,Fiorentina,Napoli,0,0,True,1,6
2022/2023,4,Sassuolo,Milan,0,0,True,9,13
2022/2023,4,Roma,Monza,3,0,True,4,25
2022/2023,4,Inter,Cremonese,3,1,True,18,26
2022/2023,4,Udinese,Fiorentina,1,0,True,20,1
2022/2023,4,Sampdoria,Lazio,1,1,True,12,17
2022/2023,4,Empoli,Hellas Verona,1,1,True,21,3
2022/2023,4,Napoli,Lecce,1,1,True,6,24
2022/2023,4,Juventus,Spezia,2,0,True,11,19
2022/2023,4,Bologna,Salernitana,1,1,True,14,22
2022/2023,4,Atalanta,Torino,3,1,True,15,2
2022/2023,5,Fiorentina,Juventus,1,1,True,1,11
2022/2023,5,Milan,Inter,3,2,True,13,18
2022/2023,5,Lazio,Napoli,1,2,True,17,6
2022/2023,5,Cremonese,Sassuolo,0,0,True,26,9
2022/2023,5,Spezia,Bologna,2,2,True,19,14
2022/2023,5,Hellas Verona,Sampdoria,2,1,True,3,12
2022/2023,5,Udinese,Roma,4,0,True,20,4
2022/2023,5,Salernitana,Empoli,2,2,True,22,21
2022/2023,5,Monza,Atalanta,0,2,True,25,15
2022/2023,5,Torino,Lecce,1,0,True,2,24
2022/2023,6,Napoli,Spezia,1,0,True,6,19
2022/2023,6,Inter,Torino,1,0,True,18,2
2022/2023,6,Sampdoria,Milan,1,2,True,12,13
2022/2023,6,Atalanta,Cremonese,1,1,True,15,26
2022/2023,6,Sassuolo,Udinese,1,3,True,9,20
2022/2023,6,Lecce,Monza,1,1,True,24,25
2022/2023,6,Bologna,Fiorentina,2,1,True,14,1
2022/2023,6,Lazio,Hellas Verona,2,0,True,17,3
2022/2023,6,Juventus,Salernitana,2,2,True,11,22
2022/2023,6,Empoli,Roma,1,2,True,21,4
2022/2023,7,Salernitana,Lecce,1,2,True,22,24
2022/2023,7,Bologna,Empoli,0,1,True,14,21
2022/2023,7,Spezia,Sampdoria,2,1,True,19,12
2022/2023,7,Torino,Sassuolo,0,1,True,2,9
2022/2023,7,Udinese,Inter,3,1,True,20,18
2022/2023,7,Monza,Juventus,1,0,True,25,11
2022/2023,7,Fiorentina,Hellas Verona,2,0,True,1,3
2022/2023,7,Cremonese,Lazio,0,4,True,26,17
2022/2023,7,Roma,Atalanta,0,1,True,4,15
2022/2023,7,Milan,Napoli,1,2,True,13,6
2022/2023,8,Napoli,Torino,3,1,True,6,2
2022/2023,8,Inter,Roma,1,2,True,18,4
2022/2023,8,Empoli,Milan,1,3,True,21,13
2022/2023,8,Lazio,Spezia,4,0,True,17,19
2022/2023,8,Sassuolo,Salernitana,5,0,True,9,22
2022/2023,8,Sampdoria,Monza,0,3,True,12,25
2022/2023,8,Lecce,Cremonese,1,1,True,24,26
2022/2023,8,Atalanta,Fiorentina,1,0,True,15,1
2022/2023,8,Juventus,Bologna,3,0,True,11,14
2022/2023,8,Hellas Verona,Udinese,1,2,True,3,20
2022/2023,9,Sassuolo,Inter,1,2,True,9,18
2022/2023,9,Milan,Juventus,2,0,True,13,11
2022/2023,9,Bologna,Sampdoria,1,1,True,14,12
2022/2023,9,Torino,Empoli,1,1,True,2,21
2022/2023,9,Udinese,Atalanta,2,2,True,20,15
2022/2023,9,Salernitana,Hellas Verona,2,1,True,22,3
2022/2023,9,Monza,Spezia,2,0,True,25,19
2022/2023,9,Cremonese,Napoli,1,4,True,26,6
2022/2023,9,Roma,Lecce,2,1,True,4,24
2022/2023,9,Fiorentina,Lazio,0,4,True,1,17
2022/2023,10,Empoli,Monza,1,0,True,21,25
2022/2023,10,Torino,Juventus,0,1,True,2,11
2022/2023,10,Atalanta,Sassuolo,2,1,True,15,9
2022/2023,10,Inter,Salernitana,2,0,True,18,22
2022/2023,10,Lazio,Udinese,0,0,True,17,20
2022/2023,10,Spezia,Cremonese,2,2,True,19,26
2022/2023,10,Napoli,Bologna,3,2,True,6,14
2022/2023,10,Hellas Verona,Milan,1,2,True,3,13
2022/2023,10,Sampdoria,Roma,0,1,True,12,4
2022/2023,10,Lecce,Fiorentina,1,1,True,24,1
2022/2023,11,Juventus,Empoli,4,0,True,11,21
2022/2023,11,Salernitana,Spezia,1,0,True,22,19
2022/2023,11,Milan,Monza,4,1,True,13,25
2022/2023,11,Fiorentina,Inter,3,4,True,1,18
2022/2023,11,Udinese,Torino,1,2,True,20,2
2022/2023,11,Bologna,Lecce,2,0,True,14,24
2022/2023,11,Atalanta,Lazio,0,2,True,15,17
2022/2023,11,Roma,Napoli,0,1,True,4,6
2022/2023,11,Cremonese,Sampdoria,0,1,True,26,12
2022/2023,11,Sassuolo,Hellas Verona,2,1,True,9,3
2022/2023,12,Napoli,Sassuolo,4,0,True,6,9
2022/2023,12,Lecce,Juventus,0,1,True,24,11
2022/2023,12,Inter,Sampdoria,3,0,True,18,12
2022/2023,12,Empoli,Atalanta,0,2,True,21,15
2022/2023,12,Spezia,Fiorentina,1,2,True,19,1
2022/2023,12,Cremonese,Udinese,0,0,True,26,20
2022/2023,12,Lazio,Salernitana,1,3,True,17,22
2022/2023,12,Torino,Milan,2,1,True,2,13
2022/2023,12,Hellas Verona,Roma,1,3,True,3,4
2022/2023,12,Monza,Bologna,1,2,True,25,14
2022/2023,13,Udinese,Lecce,1,1,True,20,24
2022/2023,13,Salernitana,Cremonese,2,2,True,22,26
2022/2023,13,Empoli,Sassuolo,1,0,True,21,9
2022/2023,13,Atalanta,Napoli,1,2,True,15,6
2022/2023,13,Milan,Spezia,2,1,True,13,19
2022/2023,13,Bologna,Torino,2,1,True,14,2
2022/2023,13,Sampdoria,Fiorentina,0,2,True,12,1
2022/2023,13,Monza,Hellas Verona,2,0,True,25,3
2022/2023,13,Roma,Lazio,0,1,True,4,17
2022/2023,13,Juventus,Inter,2,0,True,11,18
2022/2023,14,Spezia,Udinese,1,1,True,19,20
2022/2023,14,Napoli,Empoli,2,0,True,6,21
2022/2023,14,Cremonese,Milan,0,0,True,26,13
2022/2023,14,Sassuolo,Roma,1,1,True,9,4
2022/2023,14,Lecce,Atalanta,2,1,True,24,15
2022/2023,14,Torino,Sampdoria,2,0,True,2,12
2022/2023,14,Inter,Bologna,6,1,True,18,14
2022/2023,14,Fiorentina,Salernitana,2,1,True,1,22
2022/2023,14,Hellas Verona,Juventus,0,1,True,3,11
2022/2023,14,Lazio,Monza,1,0,True,17,25
2022/2023,15,Empoli,Cremonese,2,0,True,21,26
2022/2023,15,Napoli,Udinese,3,2,True,6,20
2022/2023,15,Sampdoria,Lecce,0,2,True,12,24
2022/2023,15,Bologna,Sassuolo,3,0,True,14,9
2022/2023,15,Atalanta,Inter,2,3,True,15,18
2022/2023,15,Roma,Torino,1,1,True,4,2
2022/2023,15,Monza,Salernitana,3,0,True,25,22
2022/2023,15,Hellas Verona,Spezia,1,2,True,3,19
2022/2023,15,Milan,Fiorentina,2,1,True,13,1
2022/2023,15,Juventus,Lazio,3,0,True,11,17
2022/2023,16,Sassuolo,Sampdoria,1,2,True,9,12
2022/2023,16,Salernitana,Milan,1,2,True,22,13
2022/2023,16,Torino,Hellas Verona,1,1,True,2,3
2022/2023,16,Spezia,Atalanta,2,2,True,19,15
2022/2023,16,Roma,Bologna,1,0,True,4,14
2022/2023,16,Lecce,Lazio,2,1,True,24,17
2022/2023,16,Fiorentina,Monza,1,1,True,1,25
2022/2023,16,Cremonese,Juventus,0,1,True,26,11
2022/2023,16,Udinese,Empoli,1,1,True,20,21
2022/2023,16,Inter,Napoli,1,0,True,18,6
2022/2023,17,Fiorentina,Sassuolo,2,1,True,1,9
2022/2023,17,Juventus,Udinese,1,0,True,11,20
2022/2023,17,Monza,Inter,2,2,True,25,18
2022/2023,17,Salernitana,Torino,1,1,True,22,2
2022/2023,17,Spezia,Lecce,0,0,True,19,24
2022/2023,17,Lazio,Empoli,2,2,True,17,21
2022/2023,17,Sampdoria,Napoli,0,2,True,12,6
2022/2023,17,Milan,Roma,2,2,True,13,4
2022/2023,17,Hellas Verona,Cremonese,2,0,True,3,26
2022/2023,17,Bologna,Atalanta,1,2,True,14,15
2022/2023,18,Napoli,Juventus,5,1,True,6,11
2022/2023,18,Cremonese,Monza,2,3,True,26,25
2022/2023,18,Lecce,Milan,2,2,True,24,13
2022/2023,18,Inter,Hellas Verona,1,0,True,18,3
2022/2023,18,Sassuolo,Lazio,0,2,True,9,17
2022/2023,18,Udinese,Bologna,1,2,True,20,14
2022/2023,18,Torino,Spezia,0,1,True,2,19
2022/2023,18,Atalanta,Salernitana,8,2,True,15,22
2022/2023,18,Roma,Fiorentina,2,0,True,4,1
2022/2023,18,Empoli,Sampdoria,1,0,True,21,12
2022/2023,19,Hellas Verona,Lecce,2,0,True,3,24
2022/2023,19,Salernitana,Napoli,0,2,True,22,6
2022/2023,19,Fiorentina,Torino,0,1,True,1,2
2022/2023,19,Sampdoria,Udinese,0,1,True,12,20
2022/2023,19,Monza,Sassuolo,1,1,True,25,9
2022/2023,19,Spezia,Roma,0,2,True,19,4
2022/2023,19,Juventus,Atalanta,3,3,True,11,15
2022/2023,19,Bologna,Cremonese,1,1,True,14,26
2022/2023,19,Inter,Empoli,0,1,True,18,21
2022/2023,19,Lazio,Milan,4,0,True,17,13
2022/2023,20,Bologna,Spezia,2,0,True,14,19
2022/2023,20,Lecce,Salernitana,1,2,True,24,22
2022/2023,20,Empoli,Torino,2,2,True,21,2
2022/2023,20,Cremonese,Inter,1,2,True,26,18
2022/2023,20,Atalanta,Sampdoria,2,0,True,15,12
2022/2023,20,Milan,Sassuolo,2,5,True,13,9
2022/2023,20,Juventus,Monza,0,2,True,11,25
2022/2023,20,Lazio,Fiorentina,1,1,True,17,1
2022/2023,20,Napoli,Roma,2,1,True,6,4
2022/2023,20,Udinese,Hellas Verona,1,1,True,20,3
2022/2023,21,Cremonese,Lecce,0,2,True,26,24
2022/2023,21,Roma,Empoli,2,0,True,4,21
2022/2023,21,Sassuolo,Atalanta,1,0,True,9,15
2022/2023,21,Spezia,Napoli,0,3,True,19,6
2022/2023,21,Torino,Udinese,1,0,True,2,20
2022/2023,21,Fiorentina,Bologna,1,2,True,1,14
2022/2023,21,Inter,Milan,1,0,True,18,13
2022/2023,21,Hellas Verona,Lazio,1,1,True,3,17
2022/2023,21,Monza,Sampdoria,2,2,True,25,12
2022/2023,21,Salernitana,Juventus,0,3,True,22,11
2022/2023,22,Milan,Torino,1,0,True,13,2
2022/2023,22,Empoli,Spezia,2,2,True,21,19
2022/2023,22,Lecce,Roma,1,1,True,24,4
2022/2023,22,Lazio,Atalanta,0,2,True,17,15
2022/2023,22,Udinese,Sassuolo,2,2,True,20,9
2022/2023,22,Bologna,Monza,0,1,True,14,25
2022/2023,22,Juventus,Fiorentina,1,0,True,11,1
2022/2023,22,Napoli,Cremonese,3,0,True,6,26
2022/2023,22,Hellas Verona,Salernitana,1,0,True,3,22
2022/2023,22,Sampdoria,Inter,0,0,True,12,18
2022/2023,23,Sassuolo,Napoli,0,2,True,9,6
2022/2023,23,Sampdoria,Bologna,1,2,True,12,14
2022/2023,23,Monza,Milan,0,1,True,25,13
2022/2023,23,Inter,Udinese,3,1,True,18,20
2022/2023,23,Atalanta,Lecce,1,2,True,15,24
2022/2023,23,Salernitana,Lazio,0,2,True,22,17
2022/2023,23,Fiorentina,Empoli,1,1,True,1,21
2022/2023,23,Spezia,Juventus,0,2,True,19,11
2022/2023,23,Roma,Hellas Verona,1,0,True,4,3
2022/2023,23,Torino,Cremonese,2,2,True,2,26
2022/2023,24,Empoli,Napoli,0,2,True,21,6
2022/2023,24,Lecce,Sassuolo,0,1,True,24,9
2022/2023,24,Bologna,Inter,1,0,True,14,18
2022/2023,24,Salernitana,Monza,3,0,True,22,25
2022/2023,24,Udinese,Spezia,2,2,True,20,19
2022/2023,24,Milan,Atalanta,2,0,True,13,15
2022/2023,24,Hellas Verona,Fiorentina,0,3,True,3,1
2022/2023,24,Lazio,Sampdoria,1,0,True,17,12
2022/2023,24,Cremonese,Roma,2,1,True,26,4
2022/2023,24,Juventus,Torino,4,2,True,11,2
2022/2023,25,Napoli,Lazio,0,1,True,6,17
2022/2023,25,Monza,Empoli,2,1,True,25,21
2022/2023,25,Atalanta,Udinese,0,0,True,15,20
2022/2023,25,Fiorentina,Milan,2,1,True,1,13
2022/2023,25,Spezia,Hellas Verona,0,0,True,19,3
2022/2023,25,Sampdoria,Salernitana,0,0,True,12,22
2022/2023,25,Inter,Lecce,2,0,True,18,24
2022/2023,25,Roma,Juventus,1,0,True,4,11
2022/2023,25,Sassuolo,Cremonese,3,2,True,9,26
2022/2023,25,Torino,Bologna,1,0,True,2,14
2022/2023,26,Spezia,Inter,2,1,True,19,18
2022/2023,26,Empoli,Udinese,0,1,True,21,20
2022/2023,26,Napoli,Atalanta,2,0,True,6,15
2022/2023,26,Bologna,Lazio,0,0,True,14,17
2022/2023,26,Lecce,Torino,0,2,True,24,2
2022/2023,26,Hellas Verona,Monza,1,1,True,3,25
2022/2023,26,Cremonese,Fiorentina,0,2,True,26,1
2022/2023,26,Roma,Sassuolo,3,4,True,4,9
2022/2023,26,Juventus,Sampdoria,4,2,True,11,12
2022/2023,26,Milan,Salernitana,1,1,True,13,22
2022/2023,27,Sassuolo,Spezia,1,0,True,9,19
2022/2023,27,Atalanta,Empoli,2,1,True,15,21
2022/2023,27,Monza,Cremonese,1,1,True,25,26
2022/2023,27,Salernitana,Bologna,2,2,True,22,14
2022/2023,27,Udinese,Milan,3,1,True,20,13
2022/2023,27,Sampdoria,Hellas Verona,3,1,True,12,3
2022/2023,27,Torino,Napoli,0,4,True,2,6
2022/2023,27,Fiorentina,Lecce,1,0,True,1,24
2022/2023,27,Lazio,Roma,1,0,True,17,4
2022/2023,27,Inter,Juventus,0,1,True,18,11
2022/2023,28,Cremonese,Atalanta,1,3,True,26,15
2022/2023,28,Inter,Fiorentina,0,1,True,18,1
2022/2023,28,Juventus,Hellas Verona,1,0,True,11,3
2022/2023,28,Bologna,Udinese,3,0,True,14,20
2022/2023,28,Spezia,Salernitana,1,1,True,19,22
2022/2023,28,Monza,Lazio,0,2,True,25,17
2022/2023,28,Roma,Sampdoria,3,0,True,4,12
2022/2023,28,Napoli,Milan,0,4,True,6,13
2022/2023,28,Empoli,Lecce,1,0,True,21,24
2022/2023,28,Sassuolo,Torino,1,1,True,9,2
2022/2023,29,Salernitana,Inter,1,1,True,22,18
2022/2023,29,Lecce,Napoli,1,2,True,24,6
2022/2023,29,Milan,Empoli,0,0,True,13,21
2022/2023,29,Udinese,Monza,2,2,True,20,25
2022/2023,29,Fiorentina,Spezia,1,1,True,1,19
2022/2023,29,Sampdoria,Cremonese,2,3,True,12,26
2022/2023,29,Atalanta,Bologna,0,2,True,15,14
2022/2023,29,Torino,Roma,0,1,True,2,4
2022/2023,29,Hellas Verona,Sassuolo,2,1,True,3,9
2022/2023,29,Lazio,Juventus,2,1,True,17,11
2022/2023,30,Cremonese,Empoli,1,0,True,26,21
2022/2023,30,Spezia,Lazio,0,3,True,19,17
2022/2023,30,Bologna,Milan,1,1,True,14,13
2022/2023,30,Napoli,Hellas Verona,0,0,True,6,3
2022/2023,30,Inter,Monza,0,1,True,18,25
2022/2023,30,Lecce,Sampdoria,1,1,True,24,12
2022/2023,30,Torino,Salernitana,1,1,True,2,22
2022/2023,30,Sassuolo,Juventus,1,0,True,9,11
2022/2023,30,Roma,Udinese,3,0,True,4,20
2022/2023,30,Fiorentina,Atalanta,1,1,True,1,15
2022/2023,31,Hellas Verona,Bologna,2,1,True,3,14
2022/2023,31,Salernitana,Sassuolo,3,0,True,22,9
2022/2023,31,Lazio,Torino,0,1,True,17,2
2022/2023,31,Sampdoria,Spezia,1,1,True,12,19
2022/2023,31,Empoli,Inter,0,3,True,21,18
2022/2023,31,Udinese,Cremonese,3,0,True,20,26
2022/2023,31,Monza,Fiorentina,3,2,True,25,1
2022/2023,31,Milan,Lecce,2,0,True,13,24
2022/2023,31,Juventus,Napoli,0,1,True,11,6
2022/2023,31,Atalanta,Roma,3,1,True,15,4
2022/2023,32,Lecce,Udinese,1,0,True,24,20
2022/2023,32,Spezia,Monza,0,2,True,19,25
2022/2023,32,Roma,Milan,1,1,True,4,13
2022/2023,32,Torino,Atalanta,1,2,True,2,15
2022/2023,32,Inter,Lazio,3,1,True,18,17
2022/2023,32,Sassuolo,Empoli,2,1,True,9,21
2022/2023,32,Napoli,Salernitana,1,1,True,6,22
2022/2023,32,Cremonese,Hellas Verona,1,1,True,26,3
2022/2023,32,Fiorentina,Sampdoria,5,0,True,1,12
2022/2023,32,Bologna,Juventus,1,1,True,14,11
2022/2023,33,Sampdoria,Torino,0,2,True,12,2
2022/2023,33,Salernitana,Fiorentina,3,3,True,22,1
2022/2023,33,Juventus,Lecce,2,1,True,11,24
2022/2023,33,Atalanta,Spezia,3,2,True,15,19
2022/2023,33,Monza,Roma,1,1,True,25,4
2022/2023,33,Milan,Cremonese,1,1,True,13,26
2022/2023,33,Lazio,Sassuolo,2,0,True,17,9
2022/2023,33,Hellas Verona,Inter,0,6,True,3,18
2022/2023,33,Udinese,Napoli,1,1,True,20,6
2022/2023,33,Empoli,Bologna,3,1,True,21,14
2022/2023,34,Milan,Lazio,2,0,True,13,17
2022/2023,34,Roma,Inter,0,2,True,4,18
2022/2023,34,Cremonese,Spezia,2,0,True,26,19
2022/2023,34,Atalanta,Juventus,0,2,True,15,11
2022/2023,34,Torino,Monza,1,1,True,2,25
2022/2023,34,Napoli,Fiorentina,1,0,True,6,1
2022/2023,34,Lecce,Hellas Verona,0,1,True,24,3
2022/2023,34,Udinese,Sampdoria,2,0,True,20,12
2022/2023,34,Empoli,Salernitana,2,1,True,21,22
2022/2023,34,Sassuolo,Bologna,1,1,True,9,14
2022/2023,35,Lazio,Lecce,2,2,True,17,24
2022/2023,35,Salernitana,Atalanta,1,0,True,22,15
2022/2023,35,Spezia,Milan,2,0,True,19,13
2022/2023,35,Inter,Sassuolo,4,2,True,18,9
2022/2023,35,Hellas Verona,Torino,0,1,True,3,2
2022/2023,35,Monza,Napoli,2,0,True,25,6
2022/2023,35,Fiorentina,Udinese,2,0,True,1,20
2022/2023,35,Bologna,Roma,0,0,True,14,4
2022/2023,35,Juventus,Cremonese,2,0,True,11,26
2022/2023,35,Sampdoria,Empoli,1,1,True,12,21
2022/2023,36,Sassuolo,Monza,1,2,True,9,25
2022/2023,36,Cremonese,Bologna,1,5,True,26,14
2022/2023,36,Atalanta,Hellas Verona,3,1,True,15,3
2022/2023,36,Milan,Sampdoria,5,1,True,13,12
2022/2023,36,Lecce,Spezia,0,0,True,24,19
2022/2023,36,Torino,Fiorentina,1,1,True,2,1
2022/2023,36,Napoli,Inter,3,1,True,6,18
2022/2023,36,Udinese,Lazio,0,1,True,20,17
2022/2023,36,Roma,Salernitana,2,2,True,4,22
2022/2023,36,Empoli,Juventus,4,1,True,21,11
2022/2023,37,Sampdoria,Sassuolo,2,2,True,12,9
2022/2023,37,Spezia,Torino,0,4,True,19,2
2022/2023,37,Salernitana,Udinese,3,2,True,22,20
2022/2023,37,Fiorentina,Roma,2,1,True,1,4
2022/2023,37,Inter,Atalanta,3,2,True,18,15
2022/2023,37,Hellas Verona,Empoli,1,1,True,3,21
2022/2023,37,Monza,Lecce,0,1,True,25,24
2022/2023,37,Bologna,Napoli,2,2,True,14,6
2022/2023,37,Lazio,Cremonese,3,2,True,17,26
2022/2023,37,Juventus,Milan,0,1,True,11,13
2022/2023,38,Sassuolo,Fiorentina,1,3,True,9,1
2022/2023,38,Torino,Inter,0,1,True,2,18
2022/2023,38,Empoli,Lazio,0,2,True,21,17
2022/2023,38,Cremonese,Salernitana,2,0,True,26,22
2022/2023,38,Napoli,Sampdoria,2,0,True,6,12
2022/2023,38,Udinese,Juventus,0,1,True,20,11
2022/2023,38,Roma,Spezia,2,1,True,4,19
2022/2023,38,Milan,Hellas Verona,3,1,True,13,3
2022/2023,38,Lecce,Bologna,2,3,True,24,14
2022/2023,38,Atalanta,Monza,5,2,True,15,25
2023/2024,1,Empoli,Hellas Verona,0,1,True,21,3
2023/2024,1,Frosinone,Napoli,1,3,True,27,6
2023/2024,1,Genoa,Fiorentina,1,4,True,7,1
2023/2024,1,Inter,Monza,2,0,True,18,25
2023/2024,1,Roma,Salernitana,2,2,True,4,22
2023/2024,1,Sassuolo,Atalanta,0,2,True,9,15
2023/2024,1,Lecce,Lazio,2,1,True,24,17
2023/2024,1,Udinese,Juventus,0,3,True,20,11
2023/2024,1,Torino,Cagliari,0,0,True,2,10
2023/2024,1,Bologna,Milan,0,2,True,14,13
2023/2024,2,Frosinone,Atalanta,2,1,True,27,15
2023/2024,2,Monza,Empoli,2,0,True,25,21
2023/2024,2,Hellas Verona,Roma,2,1,True,3,4
2023/2024,2,Milan,Torino,4,1,True,13,2
2023/2024,2,Fiorentina,Lecce,2,2,True,1,24
2023/2024,2,Juventus,Bologna,1,1,True,11,14
2023/2024,2,Lazio,Genoa,0,1,True,17,7
2023/2024,2,Napoli,Sassuolo,2,0,True,6,9
2023/2024,2,Salernitana,Udinese,1,1,True,22,20
2023/2024,2,Cagliari,Inter,0,2,True,10,18
2023/2024,3,Sassuolo,Hellas Verona,3,1,True,9,3
2023/2024,3,Roma,Milan,1,2,True,4,13
2023/2024,3,Bologna,Cagliari,2,1,True,14,10
2023/2024,3,Udinese,Frosinone,0,0,True,20,27
2023/2024,3,Atalanta,Monza,3,0,True,15,25
2023/2024,3,Napoli,Lazio,1,2,True,6,17
2023/2024,3,Inter,Fiorentina,4,0,True,18,1
2023/2024,3,Torino,Genoa,1,0,True,2,7
2023/2024,3,Empoli,Juventus,0,2,True,21,11
2023/2024,3,Lecce,Salernitana,2,0,True,24,22
2023/2024,4,Juventus,Lazio,3,1,True,11,17
2023/2024,4,Inter,Milan,5,1,True,18,13
2023/2024,4,Genoa,Napoli,2,2,True,7,6
2023/2024,4,Cagliari,Udinese,0,0,True,10,20
2023/2024,4,Frosinone,Sassuolo,4,2,True,27,9
2023/2024,4,Monza,Lecce,1,1,True,25,24
2023/2024,4,Fiorentina,Atalanta,3,2,True,1,15
2023/2024,4,Roma,Empoli,7,0,True,4,21
2023/2024,4,Salernitana,Torino,0,3,True,22,2
2023/2024,4,Hellas Verona,Bologna,0,0,True,3,14
2023/2024,5,Salernitana,Frosinone,1,1,True,22,27
2023/2024,5,Lecce,Genoa,1,0,True,24,7
2023/2024,5,Milan,Hellas Verona,1,0,True,13,3
2023/2024,5,Sassuolo,Juventus,4,2,True,9,11
2023/2024,5,Lazio,Monza,1,1,True,17,25
2023/2024,5,Empoli,Inter,0,1,True,21,18
2023/2024,5,Atalanta,Cagliari,2,0,True,15,10
2023/2024,5,Udinese,Fiorentina,0,2,True,20,1
2023/2024,5,Bologna,Napoli,0,0,True,14,6
2023/2024,5,Torino,Roma,1,1,True,2,4
2023/2024,6,Juventus,Lecce,1,0,True,11,24
2023/2024,6,Cagliari,Milan,1,3,True,10,13
2023/2024,6,Empoli,Salernitana,1,0,True,21,22
2023/2024,6,Hellas Verona,Atalanta,0,1,True,3,15
2023/2024,6,Inter,Sassuolo,1,2,True,18,9
2023/2024,6,Lazio,Torino,2,0,True,17,2
2023/2024,6,Napoli,Udinese,4,1,True,6,20
2023/2024,6,Frosinone,Fiorentina,1,1,True,27,1
2023/2024,6,Monza,Bologna,0,0,True,25,14
2023/2024,6,Genoa,Roma,4,1,True,7,4
2023/2024,7,Lecce,Napoli,0,4,True,24,6
2023/2024,7,Milan,Lazio,2,0,True,13,17
2023/2024,7,Salernitana,Inter,0,4,True,22,18
2023/2024,7,Bologna,Empoli,3,0,True,14,21
2023/2024,7,Udinese,Genoa,2,2,True,20,7
2023/2024,7,Atalanta,Juventus,0,0,True,15,11
2023/2024,7,Roma,Frosinone,2,0,True,4,27
2023/2024,7,Sassuolo,Monza,0,1,True,9,25
2023/2024,7,Torino,Hellas Verona,0,0,True,2,3
2023/2024,7,Fiorentina,Cagliari,3,0,True,1,10
2023/2024,8,Empoli,Udinese,0,0,True,21,20
2023/2024,8,Lecce,Sassuolo,1,1,True,24,9
2023/2024,8,Inter,Bologna,2,2,True,18,14
2023/2024,8,Juventus,Torino,2,0,True,11,2
2023/2024,8,Genoa,Milan,0,1,True,7,13
2023/2024,8,Monza,Salernitana,3,0,True,25,22
2023/2024,8,Frosinone,Hellas Verona,2,1,True,27,3
2023/2024,8,Lazio,Atalanta,3,2,True,17,15
2023/2024,8,Cagliari,Roma,1,4,True,10,4
2023/2024,8,Napoli,Fiorentina,1,3,True,6,1
2023/2024,9,Hellas Verona,Napoli,1,3,True,3,6
2023/2024,9,Torino,Inter,0,3,True,2,18
2023/2024,9,Sassuolo,Lazio,0,2,True,9,17
2023/2024,9,Roma,Monza,1,0,True,4,25
2023/2024,9,Bologna,Frosinone,2,1,True,14,27
2023/2024,9,Salernitana,Cagliari,2,2,True,22,10
2023/2024,9,Atalanta,Genoa,2,0,True,15,7
2023/2024,9,Milan,Juventus,0,1,True,13,11
2023/2024,9,Udinese,Lecce,1,1,True,20,24
2023/2024,9,Fiorentina,Empoli,0,2,True,1,21
2023/2024,10,Genoa,Salernitana,1,0,True,7,22
2023/2024,10,Sassuolo,Bologna,1,1,True,9,14
2023/2024,10,Lecce,Torino,0,1,True,24,2
2023/2024,10,Juventus,Hellas Verona,1,0,True,11,3
2023/2024,10,Cagliari,Frosinone,4,3,True,10,27
2023/2024,10,Monza,Udinese,1,1,True,25,20
2023/2024,10,Inter,Roma,1,0,True,18,4
2023/2024,10,Napoli,Milan,2,2,True,6,13
2023/2024,10,Empoli,Atalanta,0,3,True,21,15
2023/2024,10,Lazio,Fiorentina,1,0,True,17,1
2023/2024,11,Bologna,Lazio,1,0,True,14,17
2023/2024,11,Salernitana,Napoli,0,2,True,22,6
2023/2024,11,Atalanta,Inter,1,2,True,15,18
2023/2024,11,Milan,Udinese,0,1,True,13,20
2023/2024,11,Hellas Verona,Monza,1,3,True,3,25
2023/2024,11,Cagliari,Genoa,2,1,True,10,7
2023/2024,11,Roma,Lecce,2,1,True,4,24
2023/2024,11,Fiorentina,Juventus,0,1,True,1,11
2023/2024,11,Frosinone,Empoli,2,1,True,27,21
2023/2024,11,Torino,Sassuolo,2,1,True,2,9
2023/2024,12,Sassuolo,Salernitana,2,2,True,9,22
2023/2024,12,Genoa,Hellas Verona,1,0,True,7,3
2023/2024,12,Lecce,Milan,2,2,True,24,13
2023/2024,12,Juventus,Cagliari,2,1,True,11,10
2023/2024,12,Monza,Torino,1,1,True,25,2
2023/2024,12,Napoli,Empoli,0,1,True,6,21
2023/2024,12,Fiorentina,Bologna,2,1,True,1,14
2023/2024,12,Udinese,Atalanta,1,1,True,20,15
2023/2024,12,Lazio,Roma,0,0,True,17,4
2023/2024,12,Inter,Frosinone,2,0,True,18,27
2023/2024,13,Salernitana,Lazio,2,1,True,22,17
2023/2024,13,Atalanta,Napoli,1,2,True,15,6
2023/2024,13,Milan,Fiorentina,1,0,True,13,1
2023/2024,13,Cagliari,Monza,1,1,True,10,25
2023/2024,13,Empoli,Sassuolo,3,4,True,21,9
2023/2024,13,Frosinone,Genoa,2,1,True,27,7
2023/2024,13,Roma,Udinese,3,1,True,4,20
2023/2024,13,Juventus,Inter,1,1,True,11,18
2023/2024,13,Hellas Verona,Lecce,2,2,True,3,24
2023/2024,13,Bologna,Torino,2,0,True,14,2
2023/2024,14,Monza,Juventus,1,2,True,25,11
2023/2024,14,Genoa,Empoli,1,1,True,7,21
2023/2024,14,Lazio,Cagliari,1,0,True,17,10
2023/2024,14,Milan,Frosinone,3,1,True,13,27
2023/2024,14,Lecce,Bologna,1,1,True,24,14
2023/2024,14,Fiorentina,Salernitana,3,0,True,1,22
2023/2024,14,Udinese,Hellas Verona,3,3,True,20,3
2023/2024,14,Sassuolo,Roma,1,2,True,9,4
2023/2024,14,Napoli,Inter,0,3,True,6,18
2023/2024,14,Torino,Atalanta,3,0,True,2,15
2023/2024,15,Juventus,Napoli,1,0,True,11,6
2023/2024,15,Hellas Verona,Lazio,1,1,True,3,17
2023/2024,15,Atalanta,Milan,3,2,True,15,13
2023/2024,15,Inter,Udinese,4,0,True,18,20
2023/2024,15,Frosinone,Torino,0,0,True,27,2
2023/2024,15,Monza,Genoa,1,0,True,25,7
2023/2024,15,Salernitana,Bologna,1,2,True,22,14
2023/2024,15,Roma,Fiorentina,1,1,True,4,1
2023/2024,15,Empoli,Lecce,1,1,True,21,24
2023/2024,15,Cagliari,Sassuolo,2,1,True,10,9
2023/2024,16,Genoa,Juventus,1,1,True,7,11
2023/2024,16,Lecce,Frosinone,2,1,True,24,27
2023/2024,16,Napoli,Cagliari,2,1,True,6,10
2023/2024,16,Torino,Empoli,1,0,True,2,21
2023/2024,16,Milan,Monza,3,0,True,13,25
2023/2024,16,Fiorentina,Hellas Verona,1,0,True,1,3
2023/2024,16,Udinese,Sassuolo,2,2,True,20,9
2023/2024,16,Bologna,Roma,2,0,True,14,4
2023/2024,16,Lazio,Inter,0,2,True,17,18
2023/2024,16,Atalanta,Salernitana,4,1,True,15,22
2023/2024,17,Sassuolo,Genoa,1,2,True,9,7
2023/2024,17,Empoli,Lazio,0,2,True,21,17
2023/2024,17,Monza,Fiorentina,0,1,True,25,1
2023/2024,17,Salernitana,Milan,2,2,True,22,13
2023/2024,17,Frosinone,Juventus,1,2,True,27,11
2023/2024,17,Torino,Udinese,1,1,True,2,20
2023/2024,17,Bologna,Atalanta,1,0,True,14,15
2023/2024,17,Hellas Verona,Cagliari,2,0,True,3,10
2023/2024,17,Inter,Lecce,2,0,True,18,24
2023/2024,17,Roma,Napoli,2,0,True,4,6
2023/2024,18,Fiorentina,Torino,1,0,True,1,2
2023/2024,18,Napoli,Monza,0,0,True,6,25
2023/2024,18,Genoa,Inter,1,1,True,7,18
2023/2024,18,Lazio,Frosinone,3,1,True,17,27
2023/2024,18,Atalanta,Lecce,1,0,True,15,24
2023/2024,18,Cagliari,Empoli,0,0,True,10,21
2023/2024,18,Udinese,Bologna,3,0,True,20,14
2023/2024,18,Hellas Verona,Salernitana,0,1,True,3,22
2023/2024,18,Milan,Sassuolo,1,0,True,13,9
2023/2024,18,Juventus,Roma,1,0,True,11,4
2023/2024,19,Bologna,Genoa,1,1,True,14,7
2023/2024,19,Inter,Hellas Verona,2,1,True,18,3
2023/2024,19,Frosinone,Monza,2,3,True,27,25
2023/2024,19,Lecce,Cagliari,1,1,True,24,10
2023/2024,19,Sassuolo,Fiorentina,1,0,True,9,1
2023/2024,19,Empoli,Milan,0,3,True,21,13
2023/2024,19,Torino,Napoli,3,0,True,2,6
2023/2024,19,Udinese,Lazio,1,2,True,20,17
2023/2024,19,Salernitana,Juventus,1,2,True,22,11
2023/2024,19,Roma,Atalanta,1,1,True,4,15
2023/2024,20,Genoa,Torino,0,0,True,7,2
2023/2024,20,Napoli,Salernitana,2,1,True,6,22
2023/2024,20,Hellas Verona,Empoli,2,1,True,3,21
2023/2024,20,Monza,Inter,1,5,True,25,18
2023/2024,20,Lazio,Lecce,1,0,True,17,24
2023/2024,20,Cagliari,Bologna,2,1,True,10,14
2023/2024,20,Fiorentina,Udinese,2,2,True,1,20
2023/2024,20,Milan,Roma,3,1,True,13,4
2023/2024,20,Atalanta,Frosinone,5,0,True,15,27
2023/2024,20,Juventus,Sassuolo,3,0,True,11,9
2023/2024,21,Roma,Hellas Verona,2,1,True,4,3
2023/2024,21,Udinese,Milan,2,3,True,20,13
2023/2024,21,Frosinone,Cagliari,3,1,True,27,10
2023/2024,21,Empoli,Monza,3,0,True,21,25
2023/2024,21,Salernitana,Genoa,1,2,True,22,7
2023/2024,21,Lecce,Juventus,0,3,True,24,11
2023/2024,22,Cagliari,Torino,1,2,True,10,2
2023/2024,22,Atalanta,Udinese,2,0,True,15,20
2023/2024,22,Juventus,Empoli,1,1,True,11,21
2023/2024,22,Milan,Bologna,2,2,True,13,14
2023/2024,22,Genoa,Lecce,2,1,True,7,24
2023/2024,22,Hellas Verona,Frosinone,1,1,True,3,27
2023/2024,22,Monza,Sassuolo,1,0,True,25,9
2023/2024,22,Lazio,Napoli,0,0,True,17,6
2023/2024,22,Fiorentina,Inter,0,1,True,1,18
2023/2024,22,Salernitana,Roma,1,2,True,22,4
2023/2024,23,Lecce,Fiorentina,3,2,True,24,1
2023/2024,23,Empoli,Genoa,0,0,True,21,7
2023/2024,23,Udinese,Monza,0,0,True,20,25
2023/2024,23,Frosinone,Milan,2,3,True,27,13
2023/2024,23,Bologna,Sassuolo,4,2,True,14,9
2023/2024,23,Torino,Salernitana,0,0,True,2,22
2023/2024,23,Napoli,Hellas Verona,2,1,True,6,3
2023/2024,23,Atalanta,Lazio,3,1,True,15,17
2023/2024,23,Inter,Juventus,1,0,True,18,11
2023/2024,23,Roma,Cagliari,4,0,True,4,10
2023/2024,24,Salernitana,Empoli,1,3,True,22,21
2023/2024,24,Cagliari,Lazio,1,3,True,10,17
2023/2024,24,Roma,Inter,2,4,True,4,18
2023/2024,24,Sassuolo,Torino,1,1,True,9,2
2023/2024,24,Fiorentina,Frosinone,5,1,True,1,27
2023/2024,24,Bologna,Lecce,4,0,True,14,24
2023/2024,24,Monza,Hellas Verona,0,0,True,25,3
2023/2024,24,Genoa,Atalanta,1,4,True,7,15
2023/2024,24,Milan,Napoli,1,0,True,13,6
2023/2024,24,Juventus,Udinese,0,1,True,11,20
2023/2024,21,Bologna,Fiorentina,2,0,True,14,1
2023/2024,25,Torino,Lecce,2,0,True,2,24
2023/2024,25,Inter,Salernitana,4,0,True,18,22
2023/2024,25,Napoli,Genoa,1,1,True,6,7
2023/2024,25,Hellas Verona,Juventus,2,2,True,3,11
2023/2024,25,Atalanta,Sassuolo,3,0,True,15,9
2023/2024,25,Lazio,Bologna,1,2,True,17,14
2023/2024,25,Empoli,Fiorentina,1,1,True,21,1
2023/2024,25,Udinese,Cagliari,1,1,True,20,10
2023/2024,25,Frosinone,Roma,0,3,True,27,4
2023/2024,25,Monza,Milan,4,2,True,25,13
2023/2024,21,Torino,Lazio,0,2,True,2,17
2023/2024,26,Bologna,Hellas Verona,2,0,True,14,3
2023/2024,26,Sassuolo,Empoli,2,3,True,9,21
2023/2024,26,Salernitana,Monza,0,2,True,22,25
2023/2024,26,Genoa,Udinese,2,0,True,7,20
2023/2024,26,Juventus,Frosinone,3,2,True,11,27
2023/2024,26,Cagliari,Napoli,1,1,True,10,6
2023/2024,26,Lecce,Inter,0,4,True,24,18
2023/2024,26,Milan,Atalanta,1,1,True,13,15
2023/2024,26,Roma,Torino,3,2,True,4,2
2023/2024,26,Fiorentina,Lazio,2,1,True,1,17
2023/2024,21,Sassuolo,Napoli,1,6,True,9,6
2023/2024,21,Inter,Atalanta,4,0,True,18,15
2023/2024,27,Lazio,Milan,0,1,True,17,13
2023/2024,27,Udinese,Salernitana,1,1,True,20,22
2023/2024,27,Monza,Roma,1,4,True,25,4
2023/2024,27,Torino,Fiorentina,0,0,True,2,1
2023/2024,27,Hellas Verona,Sassuolo,1,0,True,3,9
2023/2024,27,Empoli,Cagliari,0,1,True,21,10
2023/2024,27,Frosinone,Lecce,1,1,True,27,24
2023/2024,27,Atalanta,Bologna,1,2,True,15,14
2023/2024,27,Napoli,Juventus,2,1,True,6,11
2023/2024,27,Inter,Genoa,2,1,True,18,7
2023/2024,28,Napoli,Torino,1,1,True,6,2
2023/2024,28,Cagliari,Salernitana,4,2,True,10,22
2023/2024,28,Sassuolo,Frosinone,1,0,True,9,27
2023/2024,28,Bologna,Inter,0,1,True,14,18
2023/2024,28,Genoa,Monza,2,3,True,7,25
2023/2024,28,Lecce,Hellas Verona,0,1,True,24,3
2023/2024,28,Milan,Empoli,1,0,True,13,21
2023/2024,28,Juventus,Atalanta,2,2,True,11,15
2023/2024,28,Fiorentina,Roma,2,2,True,1,4
2023/2024,28,Lazio,Udinese,1,2,True,17,20
2023/2024,29,Empoli,Bologna,0,1,True,21,14
2023/2024,29,Monza,Cagliari,1,0,True,25,10
2023/2024,29,Udinese,Torino,0,2,True,20,2
2023/2024,29,Salernitana,Lecce,0,1,True,22,24
2023/2024,29,Frosinone,Lazio,2,3,True,27,17
2023/2024,29,Juventus,Genoa,0,0,True,11,7
2023/2024,29,Hellas Verona,Milan,1,3,True,3,13
2023/2024,29,Roma,Sassuolo,1,0,True,4,9
2023/2024,29,Inter,Napoli,1,1,True,18,6
2023/2024,30,Napoli,Atalanta,0,3,True,6,15
2023/2024,30,Genoa,Frosinone,1,1,True,7,27
2023/2024,30,Torino,Monza,1,0,True,2,25
2023/2024,30,Lazio,Juventus,1,0,True,17,11
2023/2024,30,Fiorentina,Milan,1,2,True,1,13
2023/2024,30,Bologna,Salernitana,3,0,True,14,22
2023/2024,30,Cagliari,Hellas Verona,1,1,True,10,3
2023/2024,30,Sassuolo,Udinese,1,1,True,9,20
2023/2024,30,Lecce,Roma,0,0,True,24,4
2023/2024,30,Inter,Empoli,2,0,True,18,21
2023/2024,31,Salernitana,Sassuolo,2,2,True,22,9
2023/2024,31,Milan,Lecce,3,0,True,13,24
2023/2024,31,Roma,Lazio,1,0,True,4,17
2023/2024,31,Empoli,Torino,3,2,True,21,2
2023/2024,31,Frosinone,Bologna,0,0,True,27,14
2023/2024,31,Monza,Napoli,2,4,True,25,6
2023/2024,31,Cagliari,Atalanta,2,1,True,10,15
2023/2024,31,Hellas Verona,Genoa,1,2,True,3,7
2023/2024,31,Juventus,Fiorentina,1,0,True,11,1
2023/2024,31,Udinese,Inter,1,2,True,20,18
2023/2024,32,Lazio,Salernitana,4,1,True,17,22
2023/2024,32,Lecce,Empoli,1,0,True,24,21
2023/2024,32,Torino,Juventus,0,0,True,2,11
2023/2024,32,Bologna,Monza,0,0,True,14,25
2023/2024,32,Napoli,Frosinone,2,2,True,6,27
2023/2024,32,Sassuolo,Milan,3,3,True,9,13
2023/2024,32,Inter,Cagliari,2,2,True,18,10
2023/2024,32,Fiorentina,Genoa,1,1,True,1,7
2023/2024,32,Atalanta,Hellas Verona,2,2,True,15,3
2023/2024,33,Genoa,Lazio,0,1,True,7,17
2023/2024,33,Cagliari,Juventus,2,2,True,10,11
2023/2024,33,Empoli,Napoli,1,0,True,21,6
2023/2024,33,Hellas Verona,Udinese,1,0,True,3,20
2023/2024,33,Sassuolo,Lecce,0,3,True,9,24
2023/2024,33,Torino,Frosinone,0,0,True,2,27
2023/2024,33,Salernitana,Fiorentina,0,2,True,22,1
2023/2024,33,Monza,Atalanta,1,2,True,25,15
2023/2024,33,Roma,Bologna,1,3,True,4,14
2023/2024,33,Milan,Inter,1,2,True,13,18
2023/2024,32,Udinese,Roma,1,2,True,20,4
2023/2024,34,Frosinone,Salernitana,3,0,True,27,22
2023/2024,34,Lecce,Monza,1,1,True,24,25
2023/2024,34,Juventus,Milan,0,0,True,11,13
2023/2024,34,Lazio,Hellas Verona,1,0,True,17,3
2023/2024,34,Inter,Torino,2,0,True,18,2
2023/2024,34,Bologna,Udinese,1,1,True,14,20
2023/2024,34,Atalanta,Empoli,2,0,True,15,21
2023/2024,34,Napoli,Roma,2,2,True,6,4
2023/2024,34,Fiorentina,Sassuolo,5,1,True,1,9
2023/2024,34,Genoa,Cagliari,3,0,True,7,10
2023/2024,35,Torino,Bologna,0,0,True,2,14
2023/2024,35,Monza,Lazio,2,2,True,25,17
2023/2024,35,Sassuolo,Inter,1,0,True,9,18
2023/2024,35,Cagliari,Lecce,1,1,True,10,24
2023/2024,35,Empoli,Frosinone,0,0,True,21,27
2023/2024,35,Hellas Verona,Fiorentina,2,1,True,3,1
2023/2024,35,Milan,Genoa,3,3,True,13,7
2023/2024,35,Roma,Juventus,1,1,True,4,11
2023/2024,35,Salernitana,Atalanta,1,2,True,22,15
2023/2024,35,Udinese,Napoli,1,1,True,20,6
2023/2024,36,Frosinone,Inter,0,5,True,27,18
2023/2024,36,Napoli,Bologna,0,2,True,6,14
2023/2024,36,Milan,Cagliari,5,1,True,13,10
2023/2024,36,Lazio,Empoli,2,0,True,17,21
2023/2024,36,Genoa,Sassuolo,2,1,True,7,9
2023/2024,36,Hellas Verona,Torino,1,2,True,3,2
2023/2024,36,Juventus,Salernitana,1,1,True,11,22
2023/2024,36,Atalanta,Roma,2,1,True,15,4
2023/2024,36,Lecce,Udinese,0,2,True,24,20
2023/2024,36,Fiorentina,Monza,2,1,True,1,25
2023/2024,37,Fiorentina,Napoli,2,2,True,1,6
2023/2024,37,Lecce,Atalanta,0,2,True,24,15
2023/2024,37,Torino,Milan,3,1,True,2,13
2023/2024,37,Sassuolo,Cagliari,0,2,True,9,10
2023/2024,37,Monza,Frosinone,0,1,True,25,27
2023/2024,37,Udinese,Empoli,1,1,True,20,21
2023/2024,37,Inter,Lazio,1,1,True,18,17
2023/2024,37,Roma,Genoa,1,0,True,4,7
2023/2024,37,Salernitana,Hellas Verona,1,2,True,22,3
2023/2024,37,Bologna,Juventus,3,3,True,14,11
2023/2024,38,Cagliari,Fiorentina,2,3,True,10,1
2023/2024,38,Genoa,Bologna,2,0,True,7,14
2023/2024,38,Juventus,Monza,2,0,True,11,25
2023/2024,38,Milan,Salernitana,3,3,True,13,22
2023/2024,38,Atalanta,Torino,3,0,True,15,2
2023/2024,38,Napoli,Lecce,0,0,True,6,24
2023/2024,38,Empoli,Roma,2,1,True,21,4
2023/2024,38,Frosinone,Udinese,0,1,True,27,20
2023/2024,38,Hellas Verona,Inter,2,2,True,3,18
2023/2024,38,Lazio,Sassuolo,1,1,True,17,9
2023/2024,29,Atalanta,Fiorentina,2,3,True,15,1
2024/2025,1,Genoa,Inter,2,2,True,7,18
2024/2025,1,Parma,Fiorentina,1,1,True,5,1
2024/2025,1,Empoli,Monza,0,0,True,21,25
2024/2025,1,Milan,Torino,2,2,True,13,2
2024/2025,1,Bologna,Udinese,1,1,True,14,20
2024/2025,1,Hellas Verona,Napoli,3,0,True,3,6
2024/2025,1,Cagliari,Roma,0,0,True,10,4
2024/2025,1,Lazio,Venezia,3,1,True,17,23
2024/2025,1,Lecce,Atalanta,0,4,True,24,15
2024/2025,1,Juventus,Como,3,0,True,11,28
2024/2025,2,Parma,Milan,2,1,True,5,13
2024/2025,2,Udinese,Lazio,2,1,True,20,17
2024/2025,2,Inter,Lecce,2,0,True,18,24
2024/2025,2,Monza,Genoa,0,1,True,25,7
2024/2025,2,Fiorentina,Venezia,0,0,True,1,23
2024/2025,2,Torino,Atalanta,2,1,True,2,15
2024/2025,2,Napoli,Bologna,3,0,True,6,14
2024/2025,2,Roma,Empoli,1,2,True,4,21
2024/2025,2,Cagliari,Como,1,1,True,10,28
2024/2025,2,Hellas Verona,Juventus,0,3,True,3,11
2024/2025,3,Venezia,Torino,0,1,True,23,2
2024/2025,3,Inter,Atalanta,4,0,True,18,15
2024/2025,3,Bologna,Empoli,1,1,True,14,21
2024/2025,3,Lecce,Cagliari,1,0,True,24,10
2024/2025,3,Lazio,Milan,2,2,True,17,13
2024/2025,3,Napoli,Parma,2,1,True,6,5
2024/2025,3,Fiorentina,Monza,2,2,True,1,25
2024/2025,3,Genoa,Hellas Verona,0,2,True,7,3
2024/2025,3,Juventus,Roma,0,0,True,11,4
2024/2025,3,Udinese,Como,1,0,True,20,28
2024/2025,4,Como,Bologna,2,2,True,28,14
2024/2025,4,Empoli,Juventus,0,0,True,21,11
2024/2025,4,Milan,Venezia,4,0,True,13,23
2024/2025,4,Genoa,Roma,1,1,True,7,4
2024/2025,4,Atalanta,Fiorentina,3,2,True,15,1
2024/2025,4,Torino,Lecce,0,0,True,2,24
2024/2025,4,Cagliari,Napoli,0,4,True,10,6
2024/2025,4,Monza,Inter,1,1,True,25,18
2024/2025,4,Parma,Udinese,2,3,True,5,20
2024/2025,4,Lazio,Hellas Verona,2,1,True,17,3
2024/2025,5,Cagliari,Empoli,0,2,True,10,21
2024/2025,5,Hellas Verona,Torino,2,3,True,3,2
2024/2025,5,Venezia,Genoa,2,0,True,23,7
2024/2025,5,Juventus,Napoli,0,0,True,11,6
2024/2025,5,Lecce,Parma,2,2,True,24,5
2024/2025,5,Fiorentina,Lazio,2,1,True,1,17
2024/2025,5,Monza,Bologna,1,2,True,25,14
2024/2025,5,Roma,Udinese,3,0,True,4,20
2024/2025,5,Inter,Milan,1,2,True,18,13
2024/2025,5,Atalanta,Como,2,3,True,15,28
2024/2025,6,Milan,Lecce,3,0,True,13,24
2024/2025,6,Udinese,Inter,2,3,True,20,18
2024/2025,6,Genoa,Juventus,0,3,True,7,11
2024/2025,6,Bologna,Atalanta,1,1,True,14,15
2024/2025,6,Torino,Lazio,2,3,True,2,17
2024/2025,6,Como,Hellas Verona,3,2,True,28,3
2024/2025,6,Roma,Venezia,2,1,True,4,23
2024/2025,6,Empoli,Fiorentina,0,0,True,21,1
2024/2025,6,Napoli,Monza,2,0,True,6,25
2024/2025,6,Parma,Cagliari,2,3,True,5,10
2024/2025,7,Napoli,Como,3,1,True,6,28
2024/2025,7,Hellas Verona,Venezia,2,1,True,3,23
2024/2025,7,Udinese,Lecce,1,0,True,20,24
2024/2025,7,Atalanta,Genoa,5,1,True,15,7
2024/2025,7,Inter,Torino,3,2,True,18,2
2024/2025,7,Juventus,Cagliari,1,1,True,11,10
2024/2025,7,Bologna,Parma,0,0,True,14,5
2024/2025,7,Lazio,Empoli,2,1,True,17,21
2024/2025,7,Monza,Roma,1,1,True,25,4
2024/2025,7,Fiorentina,Milan,2,1,True,1,13
2024/2025,8,Como,Parma,1,1,True,28,5
2024/2025,8,Genoa,Bologna,2,2,True,7,14
2024/2025,8,Milan,Udinese,1,0,True,13,20
2024/2025,8,Juventus,Lazio,1,0,True,11,17
2024/2025,8,Empoli,Napoli,0,1,True,21,6
2024/2025,8,Lecce,Fiorentina,0,6,True,24,1
2024/2025,8,Venezia,Atalanta,0,2,True,23,15
2024/2025,8,Cagliari,Torino,3,2,True,10,2
2024/2025,8,Roma,Inter,0,1,True,4,18
2024/2025,8,Hellas Verona,Monza,0,3,True,3,25
2024/2025,9,Udinese,Cagliari,2,0,True,20,10
2024/2025,9,Torino,Como,1,0,True,2,28
2024/2025,9,Napoli,Lecce,1,0,True,6,24
2024/2025,9,Atalanta,Hellas Verona,6,1,True,15,3
2024/2025,9,Parma,Empoli,1,1,True,5,21
2024/2025,9,Lazio,Genoa,3,0,True,17,7
2024/2025,9,Monza,Venezia,2,2,True,25,23
2024/2025,9,Inter,Juventus,4,4,True,18,11
2024/2025,9,Fiorentina,Roma,5,1,True,1,4
2024/2025,10,Cagliari,Bologna,0,2,True,10,14
2024/2025,10,Lecce,Hellas Verona,1,0,True,24,3
2024/2025,10,Milan,Napoli,0,2,True,13,6
2024/2025,10,Empoli,Inter,0,3,True,21,18
2024/2025,10,Venezia,Udinese,3,2,True,23,20
2024/2025,10,Atalanta,Monza,2,0,True,15,25
2024/2025,10,Juventus,Parma,2,2,True,11,5
2024/2025,10,Genoa,Fiorentina,0,1,True,7,1
2024/2025,10,Como,Lazio,1,5,True,28,17
2024/2025,10,Roma,Torino,1,0,True,4,2
2024/2025,11,Bologna,Lecce,1,0,True,14,24
2024/2025,11,Udinese,Juventus,0,2,True,20,11
2024/2025,11,Monza,Milan,0,1,True,25,13
2024/2025,11,Napoli,Atalanta,0,3,True,6,15
2024/2025,11,Torino,Fiorentina,0,1,True,2,1
2024/2025,11,Hellas Verona,Roma,3,2,True,3,4
2024/2025,11,Inter,Venezia,1,0,True,18,23
2024/2025,11,Empoli,Como,1,0,True,21,28
2024/2025,11,Parma,Genoa,0,1,True,5,7
2024/2025,11,Lazio,Cagliari,2,1,True,17,10
2024/2025,12,Genoa,Como,1,1,True,7,28
2024/2025,12,Lecce,Empoli,1,1,True,24,21
2024/2025,12,Venezia,Parma,1,2,True,23,5
2024/2025,12,Cagliari,Milan,3,3,True,10,13
2024/2025,12,Juventus,Torino,2,0,True,11,2
2024/2025,12,Atalanta,Udinese,2,1,True,15,20
2024/2025,12,Fiorentina,Hellas Verona,3,1,True,1,3
2024/2025,12,Roma,Bologna,2,3,True,4,14
2024/2025,12,Monza,Lazio,0,1,True,25,17
2024/2025,12,Inter,Napoli,1,1,True,18,6
2024/2025,13,Hellas Verona,Inter,0,5,True,3,18
2024/2025,13,Milan,Juventus,0,0,True,13,11
2024/2025,13,Parma,Atalanta,1,3,True,5,15
2024/2025,13,Genoa,Cagliari,2,2,True,7,10
2024/2025,13,Como,Fiorentina,0,2,True,28,1
2024/2025,13,Torino,Monza,1,1,True,2,25
2024/2025,13,Napoli,Roma,1,0,True,6,4
2024/2025,13,Lazio,Bologna,3,0,True,17,14
2024/2025,13,Empoli,Udinese,1,1,True,21,20
2024/2025,13,Venezia,Lecce,0,1,True,23,24
2024/2025,14,Cagliari,Hellas Verona,1,0,True,10,3
2024/2025,14,Como,Monza,1,1,True,28,25
2024/2025,14,Milan,Empoli,3,0,True,13,21
2024/2025,14,Bologna,Venezia,3,0,True,14,23
2024/2025,14,Udinese,Genoa,0,2,True,20,7
2024/2025,14,Parma,Lazio,3,1,True,5,17
2024/2025,14,Torino,Napoli,0,1,True,2,6
2024/2025,14,Lecce,Juventus,1,1,True,24,11
2024/2025,14,Roma,Atalanta,0,2,True,4,15
2024/2025,15,Inter,Parma,3,1,True,18,5
2024/2025,15,Atalanta,Milan,2,1,True,15,13
2024/2025,15,Genoa,Torino,0,0,True,7,2
2024/2025,15,Juventus,Bologna,2,2,True,11,14
2024/2025,15,Roma,Lecce,4,1,True,4,24
2024/2025,15,Fiorentina,Cagliari,1,0,True,1,10
2024/2025,15,Hellas Verona,Empoli,1,4,True,3,21
2024/2025,15,Venezia,Como,2,2,True,23,28
2024/2025,15,Napoli,Lazio,0,1,True,6,17
2024/2025,15,Monza,Udinese,1,2,True,25,20
2024/2025,16,Empoli,Torino,0,1,True,21,2
2024/2025,16,Cagliari,Atalanta,0,1,True,10,15
2024/2025,16,Udinese,Napoli,1,3,True,20,6
2024/2025,16,Juventus,Venezia,2,2,True,11,23
2024/2025,16,Lecce,Monza,2,1,True,24,25
2024/2025,16,Bologna,Fiorentina,1,0,True,14,1
2024/2025,16,Parma,Hellas Verona,2,3,True,5,3
2024/2025,16,Como,Roma,2,0,True,28,4
2024/2025,16,Milan,Genoa,0,0,True,13,7
2024/2025,16,Lazio,Inter,0,6,True,17,18
2024/2025,17,Hellas Verona,Milan,0,1,True,3,13
2024/2025,17,Torino,Bologna,0,2,True,2,14
2024/2025,17,Genoa,Napoli,1,2,True,7,6
2024/2025,17,Lecce,Lazio,1,2,True,24,17
2024/2025,17,Roma,Parma,5,0,True,4,5
2024/2025,17,Venezia,Cagliari,2,1,True,23,10
2024/2025,17,Atalanta,Empoli,3,2,True,15,21
2024/2025,17,Monza,Juventus,1,2,True,25,11
2024/2025,17,Fiorentina,Udinese,1,2,True,1,20
2024/2025,17,Inter,Como,2,0,True,18,28
2024/2025,18,Empoli,Genoa,1,2,True,21,7
2024/2025,18,Parma,Monza,2,1,True,5,25
2024/2025,18,Cagliari,Inter,0,3,True,10,18
2024/2025,18,Lazio,Atalanta,1,1,True,17,15
2024/2025,18,Udinese,Torino,2,2,True,20,2
2024/2025,18,Napoli,Venezia,1,0,True,6,23
2024/2025,18,Juventus,Fiorentina,2,2,True,11,1
2024/2025,18,Milan,Roma,1,1,True,13,4
2024/2025,18,Como,Lecce,2,0,True,28,24
2024/2025,18,Bologna,Hellas Verona,2,3,True,14,3
2024/2025,19,Venezia,Empoli,1,1,True,23,21
2024/2025,19,Fiorentina,Napoli,0,3,True,1,6
2024/2025,19,Hellas Verona,Udinese,0,0,True,3,20
2024/2025,19,Monza,Cagliari,1,2,True,25,10
2024/2025,19,Lecce,Genoa,0,0,True,24,7
2024/2025,19,Torino,Parma,0,0,True,2,5
2024/2025,19,Roma,Lazio,2,0,True,4,17
2024/2025,20,Lazio,Como,1,1,True,17,28
2024/2025,20,Empoli,Lecce,1,3,True,21,24
2024/2025,20,Udinese,Atalanta,0,0,True,20,15
2024/2025,20,Torino,Juventus,1,1,True,2,11
2024/2025,20,Milan,Cagliari,1,1,True,13,10
2024/2025,20,Genoa,Parma,1,0,True,7,5
2024/2025,20,Venezia,Inter,0,1,True,23,18
2024/2025,20,Bologna,Roma,2,2,True,14,4
2024/2025,20,Napoli,Hellas Verona,2,0,True,6,3
2024/2025,20,Monza,Fiorentina,2,1,True,25,1
2024/2025,19,Como,Milan,1,2,True,28,13
2024/2025,19,Atalanta,Juventus,1,1,True,15,11
2024/2025,19,Inter,Bologna,2,2,True,18,14
2024/2025,21,Roma,Genoa,3,1,True,4,7
2024/2025,21,Bologna,Monza,3,1,True,14,25
2024/2025,21,Juventus,Milan,2,0,True,11,13
2024/2025,21,Atalanta,Napoli,2,3,True,15,6
2024/2025,21,Fiorentina,Torino,1,1,True,1,2
2024/2025,21,Cagliari,Lecce,4,1,True,10,24
2024/2025,21,Parma,Venezia,1,1,True,5,23
2024/2025,21,Hellas Verona,Lazio,0,3,True,3,17
2024/2025,21,Inter,Empoli,3,1,True,18,21
2024/2025,21,Como,Udinese,4,1,True,28,20
2024/2025,22,Torino,Cagliari,2,0,True,2,10
2024/2025,22,Como,Atalanta,1,2,True,28,15
2024/2025,22,Napoli,Juventus,2,1,True,6,11
2024/2025,22,Empoli,Bologna,1,1,True,21,14
2024/2025,22,Milan,Parma,3,2,True,13,5
2024/2025,22,Udinese,Roma,1,2,True,20,4
2024/2025,22,Lecce,Inter,0,4,True,24,18
2024/2025,22,Lazio,Fiorentina,1,2,True,17,1
2024/2025,22,Venezia,Hellas Verona,1,1,True,23,3
2024/2025,22,Genoa,Monza,2,0,True,7,25
2024/2025,23,Parma,Lecce,1,3,True,5,24
2024/2025,23,Monza,Hellas Verona,0,1,True,25,3
2024/2025,23,Udinese,Venezia,3,2,True,20,23
2024/2025,23,Atalanta,Torino,1,1,True,15,2
2024/2025,23,Bologna,Como,2,0,True,14,28
2024/2025,23,Juventus,Empoli,4,1,True,11,21
2024/2025,23,Fiorentina,Genoa,2,1,True,1,7
2024/2025,23,Milan,Inter,1,1,True,13,18
2024/2025,23,Roma,Napoli,1,1,True,4,6
2024/2025,23,Cagliari,Lazio,1,2,True,10,17
2024/2025,14,Fiorentina,Inter,3,0,True,1,18
2024/2025,24,Como,Juventus,1,2,True,28,11
2024/2025,24,Hellas Verona,Atalanta,0,5,True,3,15
2024/2025,24,Empoli,Milan,0,2,True,21,13
2024/2025,24,Torino,Genoa,1,1,True,2,7
2024/2025,24,Venezia,Roma,0,1,True,23,4
2024/2025,24,Cagliari,Parma,2,1,True,10,5
2024/2025,24,Lazio,Monza,5,1,True,17,25
2024/2025,24,Lecce,Bologna,0,0,True,24,14
2024/2025,24,Napoli,Udinese,1,1,True,6,20
2024/2025,24,Inter,Fiorentina,2,1,True,18,1
2024/2025,25,Bologna,Torino,3,2,True,14,2
2024/2025,25,Atalanta,Cagliari,0,0,True,15,10
2024/2025,25,Lazio,Napoli,2,2,True,17,6
2024/2025,25,Milan,Hellas Verona,1,0,True,13,3
2024/2025,25,Fiorentina,Como,0,2,True,1,28
2024/2025,25,Monza,Lecce,0,0,True,25,24
2024/2025,25,Udinese,Empoli,3,0,True,20,21
2024/2025,25,Parma,Roma,0,1,True,5,4
2024/2025,25,Juventus,Inter,1,0,True,11,18
2024/2025,25,Genoa,Venezia,2,0,True,7,23
2024/2025,26,Lecce,Udinese,0,1,True,24,20
2024/2025,26,Parma,Bologna,2,0,True,5,14
2024/2025,26,Venezia,Lazio,0,0,True,23,17
2024/2025,26,Torino,Milan,2,1,True,2,13
2024/2025,26,Inter,Genoa,1,0,True,18,7
2024/2025,26,Como,Napoli,2,1,True,28,6
2024/2025,26,Hellas Verona,Fiorentina,1,0,True,3,1
2024/2025,26,Empoli,Atalanta,0,5,True,21,15
2024/2025,26,Cagliari,Juventus,0,1,True,10,11
2024/2025,26,Roma,Monza,4,0,True,4,25
2024/2025,9,Bologna,Milan,2,1,True,14,13
2024/2025,27,Fiorentina,Lecce,1,0,True,1,24
2024/2025,27,Atalanta,Venezia,0,0,True,15,23
2024/2025,27,Napoli,Inter,1,1,True,6,18
2024/2025,27,Udinese,Parma,1,0,True,20,5
2024/2025,27,Monza,Torino,0,2,True,25,2
2024/2025,27,Bologna,Cagliari,2,1,True,14,10
2024/2025,27,Genoa,Empoli,1,1,True,7,21
2024/2025,27,Roma,Como,2,1,True,4,28
2024/2025,27,Milan,Lazio,1,2,True,13,17
2024/2025,27,Juventus,Hellas Verona,2,0,True,11,3
2024/2025,28,Cagliari,Genoa,1,1,True,10,7
2024/2025,28,Como,Venezia,1,1,True,28,23
2024/2025,28,Parma,Torino,2,2,True,5,2
2024/2025,28,Lecce,Milan,2,3,True,24,13
2024/2025,28,Inter,Monza,3,2,True,18,25
2024/2025,28,Hellas Verona,Bologna,1,2,True,3,14
2024/2025,28,Napoli,Fiorentina,2,1,True,6,1
2024/2025,28,Empoli,Roma,0,1,True,21,4
2024/2025,28,Juventus,Atalanta,0,4,True,11,15
2024/2025,28,Lazio,Udinese,1,1,True,17,20
2024/2025,29,Genoa,Lecce,2,1,True,7,24
2024/2025,29,Monza,Parma,1,1,True,25,5
2024/2025,29,Udinese,Hellas Verona,0,1,True,20,3
2024/2025,29,Milan,Como,2,1,True,13,28
2024/2025,29,Torino,Empoli,1,0,True,2,21
2024/2025,29,Venezia,Napoli,0,0,True,23,6
2024/2025,29,Bologna,Lazio,5,0,True,14,17
2024/2025,29,Roma,Cagliari,1,0,True,4,10
2024/2025,29,Fiorentina,Juventus,3,0,True,1,11
2024/2025,29,Atalanta,Inter,0,2,True,15,18
2024/2025,30,Como,Empoli,1,1,True,28,21
2024/2025,30,Venezia,Bologna,0,1,True,23,14
2024/2025,30,Juventus,Genoa,1,0,True,11,7
2024/2025,30,Lecce,Roma,0,1,True,24,4
2024/2025,30,Cagliari,Monza,3,0,True,10,25
2024/2025,30,Fiorentina,Atalanta,1,0,True,1,15
2024/2025,30,Inter,Udinese,2,1,True,18,20
2024/2025,30,Napoli,Milan,2,1,True,6,13
2024/2025,30,Hellas Verona,Parma,0,0,True,3,5
2024/2025,30,Lazio,Torino,1,1,True,17,2
2024/2025,31,Genoa,Udinese,1,0,True,7,20
2024/2025,31,Monza,Como,1,3,True,25,28
2024/2025,31,Parma,Inter,2,2,True,5,18
2024/2025,31,Milan,Fiorentina,2,2,True,13,1
2024/2025,31,Lecce,Venezia,1,1,True,24,23
2024/2025,31,Empoli,Cagliari,0,0,True,21,10
2024/2025,31,Torino,Hellas Verona,1,1,True,2,3
2024/2025,31,Atalanta,Lazio,0,1,True,15,17
2024/2025,31,Roma,Juventus,1,1,True,4,11
2024/2025,31,Bologna,Napoli,1,1,True,14,6
2024/2025,32,Udinese,Milan,0,4,True,20,13
2024/2025,32,Venezia,Monza,1,0,True,23,25
2024/2025,32,Inter,Cagliari,3,1,True,18,10
2024/2025,32,Juventus,Lecce,2,1,True,11,24
2024/2025,32,Atalanta,Bologna,2,0,True,15,14
2024/2025,32,Fiorentina,Parma,0,0,True,1,5
2024/2025,32,Hellas Verona,Genoa,0,0,True,3,7
2024/2025,32,Como,Torino,1,0,True,28,2
2024/2025,32,Lazio,Roma,1,1,True,17,4
2024/2025,32,Napoli,Empoli,3,0,True,6,21
2024/2025,33,Lecce,Como,0,3,True,24,28
2024/2025,33,Monza,Napoli,0,1,True,25,6
2024/2025,33,Roma,Hellas Verona,1,0,True,4,3
2024/2025,33,Empoli,Venezia,2,2,True,21,23
2024/2025,33,Bologna,Inter,1,0,True,14,18
2024/2025,33,Milan,Atalanta,0,1,True,13,15
2024/2025,33,Cagliari,Fiorentina,1,2,True,10,1
2024/2025,33,Genoa,Lazio,0,2,True,7,17
2024/2025,33,Parma,Juventus,1,0,True,5,11
2024/2025,33,Torino,Udinese,2,0,True,2,20
2024/2025,34,Como,Genoa,1,0,True,28,7
2024/2025,34,Venezia,Milan,0,2,True,23,13
2024/2025,34,Fiorentina,Empoli,2,1,True,1,21
2024/2025,34,Inter,Roma,0,1,True,18,4
2024/2025,34,Juventus,Monza,2,0,True,11,25
2024/2025,34,Atalanta,Lecce,1,1,True,15,24
2024/2025,34,Napoli,Torino,2,0,True,6,2
2024/2025,34,Udinese,Bologna,0,0,True,20,14
2024/2025,34,Hellas Verona,Cagliari,0,2,True,3,10
2024/2025,34,Lazio,Parma,2,2,True,17,5
2024/2025,35,Torino,Venezia,1,1,True,2,23
2024/2025,35,Cagliari,Udinese,1,2,True,10,20
2024/2025,35,Parma,Como,0,1,True,5,28
2024/2025,35,Lecce,Napoli,0,1,True,24,6
2024/2025,35,Inter,Hellas Verona,1,0,True,18,3
2024/2025,35,Empoli,Lazio,0,1,True,21,17
2024/2025,35,Monza,Atalanta,0,4,True,25,15
2024/2025,35,Roma,Fiorentina,1,0,True,4,1
2024/2025,35,Bologna,Juventus,1,1,True,14,11
2024/2025,35,Genoa,Milan,1,2,True,7,13
2024/2025,36,Milan,Bologna,3,1,True,13,14
2024/2025,36,Como,Cagliari,3,1,True,28,10
2024/2025,36,Lazio,Juventus,1,1,True,17,11
2024/2025,36,Empoli,Parma,2,1,True,21,5
2024/2025,36,Udinese,Monza,1,2,True,20,25
2024/2025,36,Hellas Verona,Lecce,1,1,True,3,24
2024/2025,36,Torino,Inter,0,2,True,2,18
2024/2025,36,Napoli,Genoa,2,2,True,6,7
2024/2025,36,Venezia,Fiorentina,2,1,True,23,1
2024/2025,36,Atalanta,Roma,2,1,True,15,4
2024/2025,37,Genoa,Atalanta,2,3,True,7,15
2024/2025,37,Cagliari,Venezia,3,0,True,10,23
2024/2025,37,Fiorentina,Bologna,3,2,True,1,14
2024/2025,37,Hellas Verona,Como,1,1,True,3,28
2024/2025,37,Inter,Lazio,2,2,True,18,17
2024/2025,37,Juventus,Udinese,2,0,True,11,20
2024/2025,37,Lecce,Torino,1,0,True,24,2
2024/2025,37,Monza,Empoli,1,3,True,25,21
2024/2025,37,Parma,Napoli,0,0,True,5,6
2024/2025,37,Roma,Milan,3,1,True,4,13
2024/2025,38,Como,Inter,0,2,True,28,18
2024/2025,38,Napoli,Cagliari,2,0,True,6,10
2024/2025,38,Bologna,Genoa,1,3,True,14,7
2024/2025,38,Milan,Monza,2,0,True,13,25
2024/2025,38,Atalanta,Parma,2,3,True,15,5
2024/2025,38,Empoli,Hellas Verona,1,2,True,21,3
2024/2025,38,Lazio,Lecce,0,1,True,17,24
2024/2025,38,Torino,Roma,0,2,True,2,4
2024/2025,38,Udinese,Fiorentina,2,3,True,20,1
2024/2025,38,Venezia,Juventus,2,3,True,23,11
2025/2026,1,Sassuolo,Napoli,0,2,True,9,6
2025/2026,1,Genoa,Lecce,0,0,True,7,24
2025/2026,1,Roma,Bologna,1,0,True,4,14
2025/2026,1,Milan,Cremonese,1,2,True,13,26
2025/2026,1,Como,Lazio,2,0,True,28,17
2025/2026,1,Cagliari,Fiorentina,1,1,True,10,1
2025/2026,1,Juventus,Parma,2,0,True,11,5
2025/2026,1,Atalanta,Pisa,1,1,True,15,29
2025/2026,1,Udinese,Hellas Verona,1,1,True,20,3
2025/2026,1,Inter,Torino,5,0,True,18,2
2025/2026,2,Cremonese,Sassuolo,3,2,True,26,9
2025/2026,2,Lecce,Milan,0,2,True,24,13
2025/2026,2,Parma,Atalanta,1,1,True,5,15
2025/2026,2,Bologna,Como,1,0,True,14,28
2025/2026,2,Napoli,Cagliari,1,0,True,6,10
2025/2026,2,Pisa,Roma,0,1,True,29,4
2025/2026,2,Genoa,Juventus,0,1,True,7,11
2025/2026,2,Torino,Fiorentina,0,0,True,2,1
2025/2026,2,Lazio,Hellas Verona,4,0,True,17,3
2025/2026,2,Inter,Udinese,1,2,True,18,20
2025/2026,3,Cagliari,Parma,2,0,True,10,5
2025/2026,3,Juventus,Inter,4,3,True,11,18
2025/2026,3,Fiorentina,Napoli,1,3,True,1,6
2025/2026,3,Roma,Torino,0,1,True,4,2
2025/2026,3,Atalanta,Lecce,4,1,True,15,24
2025/2026,3,Pisa,Udinese,0,1,True,29,20
2025/2026,3,Sassuolo,Lazio,1,0,True,9,17
2025/2026,3,Milan,Bologna,1,0,True,13,14
2025/2026,3,Hellas Verona,Cremonese,0,0,True,3,26
2025/2026,3,Como,Genoa,1,1,True,28,7
2025/2026,4,Lecce,Cagliari,1,2,True,24,10
2025/2026,4,Bologna,Genoa,2,1,True,14,7
2025/2026,4,Hellas Verona,Juventus,1,1,True,3,11
2025/2026,4,Udinese,Milan,0,3,True,20,13
2025/2026,4,Lazio,Roma,0,1,True,17,4
2025/2026,4,Cremonese,Parma,0,0,True,26,5
2025/2026,4,Torino,Atalanta,0,3,True,2,15
2025/2026,4,Fiorentina,Como,1,2,True,1,28
2025/2026,4,Inter,Sassuolo,2,1,True,18,9
2025/2026,4,Napoli,Pisa,3,2,True,6,29
2025/2026,5,Como,Cremonese,1,1,True,28,26
2025/2026,5,Juventus,Atalanta,1,1,True,11,15
2025/2026,5,Cagliari,Inter,0,2,True,10,18
2025/2026,5,Sassuolo,Udinese,3,1,True,9,20
2025/2026,5,Roma,Hellas Verona,2,0,True,4,3
2025/2026,5,Pisa,Fiorentina,0,0,True,29,1
2025/2026,5,Lecce,Bologna,2,2,True,24,14
2025/2026,5,Milan,Napoli,2,1,True,13,6
2025/2026,5,Parma,Torino,2,1,True,5,2
2025/2026,5,Genoa,Lazio,0,3,True,7,17
2025/2026,6,Hellas Verona,Sassuolo,0,1,True,3,9
2025/2026,6,Parma,Lecce,0,1,True,5,24
2025/2026,6,Lazio,Torino,3,3,True,17,2
2025/2026,6,Inter,Cremonese,4,1,True,18,26
2025/2026,6,Atalanta,Como,1,1,True,15,28
2025/2026,6,Udinese,Cagliari,1,1,True,20,10
2025/2026,6,Bologna,Pisa,4,0,True,14,29
2025/2026,6,Fiorentina,Roma,1,2,True,1,4
2025/2026,6,Napoli,Genoa,2,1,True,6,7
2025/2026,6,Juventus,Milan,0,0,True,11,13
2025/2026,7,Lecce,Sassuolo,0,0,True,24,9
2025/2026,7,Pisa,Hellas Verona,0,0,True,29,3
2025/2026,7,Torino,Napoli,1,0,True,2,6
2025/2026,7,Roma,Inter,0,1,True,4,18
2025/2026,7,Como,Juventus,2,0,True,28,11
2025/2026,7,Genoa,Parma,0,0,True,7,5
2025/2026,7,Cagliari,Bologna,0,2,True,10,14
2025/2026,7,Atalanta,Lazio,0,0,True,15,17
2025/2026,7,Milan,Fiorentina,2,1,True,13,1
2025/2026,7,Cremonese,Udinese,1,1,True,26,20
2025/2026,8,Milan,Pisa,2,2,True,13,29
2025/2026,8,Udinese,Lecce,3,2,True,20,24
2025/2026,8,Parma,Como,0,0,True,5,28
2025/2026,8,Napoli,Inter,3,1,True,6,18
2025/2026,8,Cremonese,Atalanta,1,1,True,26,15
2025/2026,8,Torino,Genoa,2,1,True,2,7
2025/2026,8,Sassuolo,Roma,0,1,True,9,4
2025/2026,8,Hellas Verona,Cagliari,2,2,True,3,10
2025/2026,8,Fiorentina,Bologna,2,2,True,1,14
2025/2026,8,Lazio,Juventus,1,0,True,17,11
2025/2026,9,Lecce,Napoli,0,1,True,24,6
2025/2026,9,Atalanta,Milan,1,1,True,15,13
2025/2026,9,Como,Hellas Verona,3,1,True,28,3
2025/2026,9,Juventus,Udinese,3,1,True,11,20
2025/2026,9,Roma,Parma,2,1,True,4,5
2025/2026,9,Inter,Fiorentina,3,0,True,18,1
2025/2026,9,Genoa,Cremonese,0,2,True,7,26
2025/2026,9,Bologna,Torino,0,0,True,14,2
2025/2026,9,Cagliari,Sassuolo,1,2,True,10,9
2025/2026,9,Pisa,Lazio,0,0,True,29,17
2025/2026,10,Udinese,Atalanta,1,0,True,20,15
2025/2026,10,Napoli,Como,0,0,True,6,28
2025/2026,10,Cremonese,Juventus,1,2,True,26,11
2025/2026,10,Hellas Verona,Inter,1,2,True,3,18
2025/2026,10,Fiorentina,Lecce,0,1,True,1,24
2025/2026,10,Torino,Pisa,2,2,True,2,29
2025/2026,10,Parma,Bologna,1,3,True,5,14
2025/2026,10,Milan,Roma,1,0,True,13,4
2025/2026,10,Sassuolo,Genoa,1,2,True,9,7
2025/2026,10,Lazio,Cagliari,2,0,True,17,10
2025/2026,11,Pisa,Cremonese,1,0,True,29,26
2025/2026,11,Como,Cagliari,0,0,True,28,10
2025/2026,11,Lecce,Hellas Verona,0,0,True,24,3
2025/2026,11,Juventus,Torino,0,0,True,11,2
2025/2026,11,Parma,Milan,2,2,True,5,13
2025/2026,11,Atalanta,Sassuolo,0,3,True,15,9
2025/2026,11,Genoa,Fiorentina,2,2,True,7,1
2025/2026,11,Bologna,Napoli,2,0,True,14,6
2025/2026,11,Roma,Udinese,2,0,True,4,20
2025/2026,11,Inter,Lazio,2,0,True,18,17
2025/2026,12,Udinese,Bologna,0,3,True,20,14
2025/2026,12,Cagliari,Genoa,3,3,True,10,7
2025/2026,12,Fiorentina,Juventus,1,1,True,1,11
2025/2026,12,Napoli,Atalanta,3,1,True,6,15
2025/2026,12,Hellas Verona,Parma,1,2,True,3,5
2025/2026,12,Cremonese,Roma,1,3,True,26,4
2025/2026,12,Lazio,Lecce,2,0,True,17,24
2025/2026,12,Inter,Milan,0,1,True,18,13
2025/2026,12,Torino,Como,1,5,True,2,28
2025/2026,12,Sassuolo,Pisa,2,2,True,9,29
2025/2026,13,Como,Sassuolo,2,0,True,28,9
2025/2026,13,Parma,Udinese,0,2,True,5,20
2025/2026,13,Genoa,Hellas Verona,2,1,True,7,3
2025/2026,13,Juventus,Cagliari,2,1,True,11,10
2025/2026,13,Milan,Lazio,1,0,True,13,17
2025/2026,13,Lecce,Torino,2,1,True,24,2
2025/2026,13,Pisa,Inter,0,2,True,29,18
2025/2026,13,Atalanta,Fiorentina,2,0,True,15,1
2025/2026,13,Roma,Napoli,0,1,True,4,6
2025/2026,13,Bologna,Cremonese,1,3,True,14,26
2025/2026,14,Sassuolo,Fiorentina,3,1,True,9,1
2025/2026,14,Inter,Como,4,0,True,18,28
2025/2026,14,Hellas Verona,Atalanta,3,1,True,3,15
2025/2026,14,Cremonese,Lecce,2,0,True,26,24
2025/2026,14,Cagliari,Roma,1,0,True,10,4
2025/2026,14,Lazio,Bologna,1,1,True,17,14
2025/2026,14,Napoli,Juventus,2,1,True,6,11
2025/2026,14,Pisa,Parma,0,1,True,29,5
2025/2026,14,Udinese,Genoa,1,2,True,20,7
2025/2026,14,Torino,Milan,2,3,True,2,13
2025/2026,15,Lecce,Pisa,1,0,True,24,29
2025/2026,15,Torino,Cremonese,1,0,True,2,26
2025/2026,15,Parma,Lazio,0,1,True,5,17
2025/2026,15,Atalanta,Cagliari,2,1,True,15,10
2025/2026,15,Milan,Sassuolo,2,2,True,13,9
2025/2026,15,Fiorentina,Hellas Verona,1,2,True,1,3
2025/2026,15,Udinese,Napoli,1,0,True,20,6
2025/2026,15,Genoa,Inter,1,2,True,7,18
2025/2026,15,Bologna,Juventus,0,1,True,14,11
2025/2026,15,Roma,Como,1,0,True,4,28
2025/2026,16,Lazio,Cremonese,0,0,True,17,26
2025/2026,16,Juventus,Roma,2,1,True,11,4
2025/2026,16,Cagliari,Pisa,2,2,True,10,29
2025/2026,16,Sassuolo,Torino,0,1,True,9,2
2025/2026,16,Fiorentina,Udinese,5,1,True,1,20
2025/2026,16,Genoa,Atalanta,0,1,True,7,15
2025/2026,17,Parma,Fiorentina,1,0,True,5,1
2025/2026,17,Lecce,Como,0,3,True,24,28
2025/2026,17,Torino,Cagliari,1,2,True,2,10
2025/2026,17,Udinese,Lazio,1,1,True,20,17
2025/2026,17,Pisa,Juventus,0,2,True,29,11
2025/2026,17,Milan,Hellas Verona,3,0,True,13,3
2025/2026,17,Cremonese,Napoli,0,2,True,26,6
2025/2026,17,Bologna,Sassuolo,1,1,True,14,9
2025/2026,17,Atalanta,Inter,0,1,True,15,18
2025/2026,17,Roma,Genoa,3,1,True,4,7
2025/2026,18,Cagliari,Milan,0,1,True,10,13
2025/2026,18,Como,Udinese,1,0,True,28,20
2025/2026,18,Sassuolo,Parma,1,1,True,9,5
2025/2026,18,Genoa,Pisa,1,1,True,7,29
2025/2026,18,Juventus,Lecce,1,1,True,11,24
2025/2026,18,Atalanta,Roma,1,0,True,15,4
2025/2026,18,Lazio,Napoli,0,2,True,17,6
2025/2026,18,Fiorentina,Cremonese,1,0,True,1,26
2025/2026,18,Hellas Verona,Torino,0,3,True,3,2
2025/2026,18,Inter,Bologna,3,1,True,18,14
2025/2026,19,Pisa,Como,0,3,True,29,28
2025/2026,19,Lecce,Roma,0,2,True,24,4
2025/2026,19,Sassuolo,Juventus,0,3,True,9,11
2025/2026,19,Bologna,Atalanta,0,2,True,14,15
2025/2026,19,Napoli,Hellas Verona,2,2,True,6,3
2025/2026,19,Torino,Udinese,1,2,True,2,20
2025/2026,19,Parma,Inter,0,2,True,5,18
2025/2026,19,Lazio,Fiorentina,2,2,True,17,1
2025/2026,19,Cremonese,Cagliari,2,2,True,26,10
2025/2026,19,Milan,Genoa,1,1,True,13,7
2025/2026,20,Udinese,Pisa,2,2,True,20,29
2025/2026,20,Como,Bologna,1,1,True,28,14
2025/2026,20,Roma,Sassuolo,2,0,True,4,9
2025/2026,20,Atalanta,Torino,2,0,True,15,2
2025/2026,20,Lecce,Parma,1,2,True,24,5
2025/2026,20,Fiorentina,Milan,1,1,True,1,13
2025/2026,20,Hellas Verona,Lazio,0,1,True,3,17
2025/2026,20,Inter,Napoli,2,2,True,18,6
2025/2026,20,Genoa,Cagliari,3,0,True,7,10
2025/2026,20,Juventus,Cremonese,5,0,True,11,26
2025/2026,16,Napoli,Parma,0,0,True,6,5
2025/2026,16,Inter,Lecce,1,0,True,18,24
2025/2026,16,Hellas Verona,Bologna,2,3,True,3,14
2025/2026,16,Como,Milan,1,3,True,28,13
2025/2026,21,Pisa,Atalanta,1,1,True,29,15
2025/2026,21,Udinese,Inter,0,1,True,20,18
2025/2026,21,Napoli,Sassuolo,1,0,True,6,9
2025/2026,21,Cagliari,Juventus,1,0,True,10,11
2025/2026,21,Parma,Genoa,0,0,True,5,7
2025/2026,21,Bologna,Fiorentina,1,2,True,14,1
2025/2026,21,Torino,Roma,0,2,True,2,4
2025/2026,21,Milan,Lecce,1,0,True,13,24
2025/2026,21,Cremonese,Hellas Verona,0,0,True,26,3
2025/2026,21,Lazio,Como,0,3,True,17,28
2025/2026,22,Inter,Pisa,6,2,True,18,29
2025/2026,22,Como,Torino,6,0,True,28,2
2025/2026,22,Fiorentina,Cagliari,1,2,True,1,10
2025/2026,22,Lecce,Lazio,0,0,True,24,17
2025/2026,22,Sassuolo,Cremonese,1,0,True,9,26
2025/2026,22,Genoa,Bologna,3,2,True,7,14
2025/2026,22,Atalanta,Parma,4,0,True,15,5
2025/2026,22,Juventus,Napoli,3,0,True,11,6
2025/2026,22,Roma,Milan,1,1,True,4,13
2025/2026,22,Hellas Verona,Udinese,1,3,True,3,20
2025/2026,23,Lazio,Genoa,3,2,True,17,7
2025/2026,23,Pisa,Sassuolo,1,3,True,29,9
2025/2026,23,Napoli,Fiorentina,2,1,True,6,1
2025/2026,23,Cagliari,Hellas Verona,4,0,True,10,3
2025/2026,23,Torino,Lecce,1,0,True,2,24
2025/2026,23,Como,Atalanta,0,0,True,28,15
2025/2026,23,Cremonese,Inter,0,2,True,26,18
2025/2026,23,Parma,Juventus,1,4,True,5,11
2025/2026,23,Udinese,Roma,1,0,True,20,4
2025/2026,23,Bologna,Milan,0,3,True,14,13
2025/2026,24,Hellas Verona,Pisa,0,0,True,3,29
2025/2026,24,Genoa,Napoli,2,3,True,7,6
2025/2026,24,Fiorentina,Torino,2,2,True,1,2
2025/2026,24,Bologna,Parma,0,1,True,14,5
2025/2026,24,Lecce,Udinese,2,1,True,24,20
2025/2026,24,Sassuolo,Inter,0,5,True,9,18
2025/2026,24,Juventus,Lazio,2,2,True,11,17
2025/2026,24,Atalanta,Cremonese,2,1,True,15,26
2025/2026,24,Roma,Cagliari,2,0,True,4,10
2025/2026,25,Pisa,Milan,1,2,True,29,13
2025/2026,25,Como,Fiorentina,1,2,True,28,1
2025/2026,25,Lazio,Atalanta,0,2,True,17,15
2025/2026,25,Inter,Juventus,3,2,True,18,11
2025/2026,25,Udinese,Sassuolo,1,2,True,20,9
2025/2026,25,Parma,Hellas Verona,2,1,True,5,3
2025/2026,25,Cremonese,Genoa,0,0,True,26,7
2025/2026,25,Torino,Bologna,1,2,True,2,14
2025/2026,25,Napoli,Roma,2,2,True,6,4
2025/2026,25,Cagliari,Lecce,0,2,True,10,24
2025/2026,24,Milan,Como,1,1,True,13,28
2025/2026,26,Sassuolo,Hellas Verona,3,0,True,9,3
2025/2026,26,Juventus,Como,0,2,True,11,28
2025/2026,26,Lecce,Inter,0,2,True,24,18
2025/2026,26,Cagliari,Lazio,0,0,True,10,17
2025/2026,26,Genoa,Torino,3,0,True,7,2
2025/2026,26,Atalanta,Napoli,2,1,True,15,6
2025/2026,26,Milan,Parma,0,1,True,13,5
2025/2026,26,Roma,Cremonese,3,0,True,4,26
2025/2026,26,Fiorentina,Pisa,1,0,True,1,29
2025/2026,26,Bologna,Udinese,1,0,True,14,20
2025/2026,27,Parma,Cagliari,1,1,True,5,10
2025/2026,27,Como,Lecce,3,1,True,28,24
2025/2026,27,Hellas Verona,Napoli,1,2,True,3,6
2025/2026,27,Inter,Genoa,2,0,True,18,7
2025/2026,27,Cremonese,Milan,0,2,True,26,13
2025/2026,27,Sassuolo,Atalanta,2,1,True,9,15
2025/2026,27,Torino,Lazio,2,0,True,2,17
2025/2026,27,Roma,Juventus,3,3,True,4,11
2025/2026,27,Pisa,Bologna,0,1,True,29,14
2025/2026,27,Udinese,Fiorentina,3,0,True,20,1
2025/2026,28,Napoli,Torino,2,1,True,6,2
2025/2026,28,Cagliari,Como,1,2,True,10,28
2025/2026,28,Atalanta,Udinese,2,2,True,15,20
2025/2026,28,Juventus,Pisa,4,0,True,11,29
2025/2026,28,Lecce,Cremonese,2,1,True,24,26
2025/2026,28,Bologna,Hellas Verona,1,2,True,14,3
2025/2026,28,Fiorentina,Parma,0,0,True,1,5
2025/2026,28,Genoa,Roma,2,1,True,7,4
2025/2026,28,Milan,Inter,1,0,True,13,18
2025/2026,28,Lazio,Sassuolo,2,1,True,17,9
2025/2026,29,Torino,Parma,4,1,True,2,5
2025/2026,29,Inter,Atalanta,1,1,True,18,15
2025/2026,29,Napoli,Lecce,2,1,True,6,24
2025/2026,29,Udinese,Juventus,0,1,True,20,11
2025/2026,29,Hellas Verona,Genoa,0,2,True,3,7
2025/2026,29,Sassuolo,Bologna,0,1,True,9,14
2025/2026,29,Pisa,Cagliari,3,1,True,29,10
2025/2026,29,Como,Roma,2,1,True,28,4
2025/2026,29,Lazio,Milan,1,0,True,17,13
2025/2026,29,Cremonese,Fiorentina,1,4,True,26,1
2025/2026,30,Cagliari,Napoli,0,1,True,10,6
2025/2026,30,Genoa,Udinese,0,2,True,7,20
2025/2026,30,Parma,Cremonese,0,2,True,5,26
2025/2026,30,Milan,Torino,3,2,True,13,2
2025/2026,30,Juventus,Sassuolo,1,1,True,11,9
2025/2026,30,Como,Pisa,5,0,True,28,29
2025/2026,30,Atalanta,Hellas Verona,1,0,True,15,3
2025/2026,30,Bologna,Lazio,0,2,True,14,17
2025/2026,30,Roma,Lecce,1,0,True,4,24
2025/2026,30,Fiorentina,Inter,1,1,True,1,18
2025/2026,31,Sassuolo,Cagliari,2,1,True,9,10
2025/2026,31,Hellas Verona,Fiorentina,0,1,True,3,1
2025/2026,31,Lazio,Parma,1,1,True,17,5
2025/2026,31,Cremonese,Bologna,1,2,True,26,14
2025/2026,31,Pisa,Torino,0,1,True,29,2
2025/2026,31,Inter,Roma,5,2,True,18,4
2025/2026,31,Udinese,Como,0,0,True,20,28
2025/2026,31,Lecce,Atalanta,0,3,True,24,15
2025/2026,31,Juventus,Genoa,2,0,True,11,7
2025/2026,31,Napoli,Milan,1,0,True,6,13
2025/2026,32,Roma,Pisa,3,0,True,4,29
2025/2026,32,Torino,Hellas Verona,2,1,True,2,3
2025/2026,32,Cagliari,Cremonese,1,0,True,10,26
2025/2026,32,Milan,Udinese,0,3,True,13,20
2025/2026,32,Atalanta,Juventus,0,1,True,15,11
2025/2026,32,Genoa,Sassuolo,2,1,True,7,9
2025/2026,32,Parma,Napoli,1,1,True,5,6
2025/2026,32,Bologna,Lecce,2,0,True,14,24
2025/2026,32,Como,Inter,3,4,True,28,18
2025/2026,32,Fiorentina,Lazio,1,0,True,1,17
2025/2026,33,Sassuolo,Como,2,1,True,9,28
2025/2026,33,Inter,Cagliari,3,0,True,18,10
2025/2026,33,Udinese,Parma,0,1,True,20,5
2025/2026,33,Napoli,Lazio,0,2,True,6,17
2025/2026,33,Roma,Atalanta,1,1,True,4,15
2025/2026,33,Cremonese,Torino,0,0,True,26,2
2025/2026,33,Hellas Verona,Milan,0,1,True,3,13
2025/2026,33,Pisa,Genoa,1,2,True,29,7
2025/2026,33,Juventus,Bologna,2,0,True,11,14
2025/2026,33,Lecce,Fiorentina,1,1,True,24,1
2025/2026,34,Napoli,Cremonese,4,0,True,6,26
2025/2026,34,Parma,Pisa,1,0,True,5,29
2025/2026,34,Bologna,Roma,0,2,True,14,4
2025/2026,34,Hellas Verona,Lecce,0,0,True,3,24
2025/2026,34,Fiorentina,Sassuolo,0,0,True,1,9
2025/2026,34,Genoa,Como,0,2,True,7,28
2025/2026,34,Torino,Inter,2,2,True,2,18
2025/2026,34,Milan,Juventus,0,0,True,13,11
2025/2026,34,Cagliari,Atalanta,3,2,True,10,15
2025/2026,34,Lazio,Udinese,3,3,True,17,20
2025/2026,35,Pisa,Lecce,1,2,True,29,24
2025/2026,35,Udinese,Torino,2,0,True,20,2
2025/2026,35,Como,Napoli,0,0,True,28,6
2025/2026,35,Atalanta,Genoa,0,0,True,15,7
2025/2026,35,Bologna,Cagliari,0,0,True,14,10
2025/2026,35,Sassuolo,Milan,2,0,True,9,13
2025/2026,35,Juventus,Hellas Verona,1,1,True,11,3
2025/2026,35,Inter,Parma,2,0,True,18,5
2025/2026,35,Cremonese,Lazio,1,2,True,26,17
2025/2026,35,Roma,Fiorentina,4,0,True,4,1
2025/2026,36,Torino,Sassuolo,2,1,True,2,9
2025/2026,36,Cagliari,Udinese,0,2,True,10,20
2025/2026,36,Lazio,Inter,0,3,True,17,18
2025/2026,36,Lecce,Juventus,0,1,True,24,11
2025/2026,36,Hellas Verona,Como,0,1,True,3,28
2025/2026,36,Fiorentina,Genoa,0,0,True,1,7
2025/2026,36,Cremonese,Pisa,3,0,True,26,29
2025/2026,36,Parma,Roma,2,3,True,5,4
2025/2026,36,Milan,Atalanta,2,3,True,13,15
2025/2026,36,Napoli,Bologna,2,3,True,6,14
2025/2026,37,Genoa,Milan,1,2,True,7,13
2025/2026,37,Como,Parma,1,0,True,28,5
2025/2026,37,Pisa,Napoli,0,3,True,29,6
2025/2026,37,Juventus,Fiorentina,0,2,True,11,1
2025/2026,37,Roma,Lazio,2,0,True,4,17
2025/2026,37,Inter,Hellas Verona,1,1,True,18,3
2025/2026,37,Atalanta,Bologna,0,1,True,15,14
2025/2026,37,Udinese,Cremonese,0,1,True,20,26
2025/2026,37,Cagliari,Torino,2,1,True,10,2
2025/2026,37,Sassuolo,Lecce,2,3,True,9,24
2025/2026,38,Fiorentina,Atalanta,1,1,True,1,15
2025/2026,38,Bologna,Inter,3,3,True,14,18
2025/2026,38,Lazio,Pisa,2,1,True,17,29
2025/2026,38,Parma,Sassuolo,1,0,True,5,9
2025/2026,38,Napoli,Udinese,1,0,True,6,20
2025/2026,38,Milan,Cagliari,1,2,True,13,10
2025/2026,38,Cremonese,Como,1,4,True,26,28
2025/2026,38,Lecce,Genoa,1,0,True,24,7
2025/2026,38,Hellas Verona,Roma,0,2,True,3,4
2025/2026,38,Torino,Juventus,2,2,True,2,11
2026/2027,1,Udinese,Como,1,1,True,20,28
2026/2027,1,Inter,Monza,4,1,True,18,25
2026/2027,1,Genoa,Napoli,0,2,True,7,6
2026/2027,1,Parma,Cagliari,0,1,True,5,10
2026/2027,1,Frosinone,Juventus,0,1,True,27,11
2026/2027,1,Venezia,Lecce,0,2,True,23,24
2026/2027,1,Atalanta,Sassuolo,2,1,True,15,9
2026/2027,1,Torino,Milan,1,2,True,2,13
2026/2027,1,Bologna,Lazio,0,1,True,14,17
2026/2027,1,Roma,Fiorentina,4,0,True,4,1
2026/2027,2,Milan,Venezia,2,0,True,13,23
2026/2027,2,Sassuolo,Torino,2,1,True,9,2
2026/2027,2,Monza,Udinese,2,3,True,25,20
2026/2027,2,Fiorentina,Frosinone,0,3,True,1,27
2026/2027,2,Juventus,Parma,2,0,True,11,5
2026/2027,2,Napoli,Como,1,2,True,6,28
2026/2027,2,Lazio,Genoa,1,0,True,17,7
2026/2027,2,Cagliari,Inter,0,1,True,10,18
2026/2027,2,Lecce,Roma,0,4,True,24,4
2026/2027,2,Atalanta,Bologna,1,0,True,15,14
2026/2027,3,Genoa,Como,1,4,True,7,28
2026/2027,3,Fiorentina,Torino,1,2,True,1,2
2026/2027,3,Inter,Napoli,3,2,True,18,6
2026/2027,3,Roma,Atalanta,2,1,True,4,15
2026/2027,3,Parma,Monza,1,1,True,5,25
2026/2027,3,Frosinone,Venezia,3,2,True,27,23
2026/2027,3,Bologna,Sassuolo,2,2,True,14,9
2026/2027,3,Juventus,Milan,1,1,True,11,13
2026/2027,3,Cagliari,Lecce,1,0,True,10,24
2026/2027,3,Udinese,Lazio,1,2,True,20,17
2026/2027,4,Venezia,Fiorentina,2,4,True,23,1
2026/2027,4,Genoa,Frosinone,1,1,True,7,27
2026/2027,4,Lazio,Milan,2,2,True,17,13
2026/2027,4,Atalanta,Cagliari,1,2,True,15,10
2026/2027,4,Lecce,Monza,3,2,True,24,25
2026/2027,4,Napoli,Bologna,1,0,True,6,14
2026/2027,4,Sassuolo,Juventus,3,2,True,9,11
2026/2027,4,Como,Parma,2,1,True,28,5
2026/2027,4,Torino,Roma,0,2,True,2,4
2026/2027,4,Inter,Udinese,5,3,True,18,20
2026/2027,5,Monza,Sassuolo,2,1,True,25,9
2026/2027,5,Bologna,Torino,1,1,True,14,2
2026/2027,5,Udinese,Cagliari,0,1,True,20,10
2026/2027,5,Roma,Inter,2,2,True,4,18
2026/2027,5,Venezia,Lazio,0,2,True,23,17
2026/2027,5,Fiorentina,Napoli,1,1,True,1,6
2026/2027,5,Frosinone,Como,2,0,True,27,28
2026/2027,5,Parma,Genoa,2,1,True,5,7
2026/2027,5,Juventus,Atalanta,2,0,True,11,15
2026/2027,5,Milan,Lecce,3,0,True,13,24
2026/2027,6,Genoa,Fiorentina,,,False,7,1
2026/2027,6,Inter,Parma,,,False,18,5
2026/2027,6,Napoli,Frosinone,,,False,6,27
2026/2027,6,Como,Roma,,,False,28,4
2026/2027,6,Lecce,Bologna,,,False,24,14
2026/2027,6,Lazio,Monza,,,False,17,25
2026/2027,6,Sassuolo,Milan,,,False,9,13
2026/2027,6,Cagliari,Juventus,,,False,10,11
2026/2027,6,Atalanta,Venezia,,,False,15,23
2026/2027,6,Torino,Udinese,,,False,2,20
2026/2027,7,Frosinone,Sassuolo,,,False,27,9
2026/2027,7,Venezia,Napoli,,,False,23,6
2026/2027,7,Bologna,Inter,,,False,14,18
2026/2027,7,Roma,Genoa,,,False,4,7
2026/2027,7,Udinese,Lecce,,,False,20,24
2026/2027,7,Fiorentina,Como,,,False,1,28
2026/2027,7,Milan,Atalanta,,,False,13,15
2026/2027,7,Juventus,Lazio,,,False,11,17
2026/2027,7,Monza,Cagliari,,,False,25,10
2026/2027,7,Parma,Torino,,,False,5,2
2026/2027,8,Torino,Monza,,,False,2,25
2026/2027,8,Cagliari,Bologna,,,False,10,14
2026/2027,8,Como,Sassuolo,,,False,28,9
2026/2027,8,Napoli,Roma,,,False,6,4
2026/2027,8,Lazio,Parma,,,False,17,5
2026/2027,8,Inter,Fiorentina,,,False,18,1
2026/2027,8,Atalanta,Frosinone,,,False,15,27
2026/2027,8,Genoa,Venezia,,,False,7,23
2026/2027,8,Lecce,Juventus,,,False,24,11
2026/2027,8,Udinese,Milan,,,False,20,13
2026/2027,9,Sassuolo,Lazio,,,False,9,17
2026/2027,9,Roma,Cagliari,,,False,4,10
2026/2027,9,Torino,Como,,,False,2,28
2026/2027,9,Milan,Bologna,,,False,13,14
2026/2027,9,Venezia,Inter,,,False,23,18
2026/2027,9,Parma,Udinese,,,False,5,20
2026/2027,9,Genoa,Juventus,,,False,7,11
2026/2027,9,Monza,Napoli,,,False,25,6
2026/2027,9,Frosinone,Lecce,,,False,27,24
2026/2027,9,Fiorentina,Atalanta,,,False,1,15
2026/2027,10,Bologna,Monza,,,False,14,25
2026/2027,10,Udinese,Roma,,,False,20,4
2026/2027,10,Milan,Inter,,,False,13,18
2026/2027,10,Como,Venezia,,,False,28,23
2026/2027,10,Frosinone,Torino,,,False,27,2
2026/2027,10,Lazio,Cagliari,,,False,17,10
2026/2027,10,Lecce,Genoa,,,False,24,7
2026/2027,10,Juventus,Napoli,,,False,11,6
2026/2027,10,Sassuolo,Fiorentina,,,False,9,1
2026/2027,10,Atalanta,Parma,,,False,15,5
2026/2027,11,Venezia,Udinese,,,False,23,20
2026/2027,11,Torino,Lecce,,,False,2,24
2026/2027,11,Cagliari,Frosinone,,,False,10,27
2026/2027,11,Parma,Bologna,,,False,5,14
2026/2027,11,Roma,Sassuolo,,,False,4,9
2026/2027,11,Napoli,Lazio,,,False,6,17
2026/2027,11,Genoa,Milan,,,False,7,13
2026/2027,11,Monza,Atalanta,,,False,25,15
2026/2027,11,Inter,Como,,,False,18,28
2026/2027,11,Fiorentina,Juventus,,,False,1,11
2026/2027,12,Como,Cagliari,,,False,28,10
2026/2027,12,Lazio,Lecce,,,False,17,24
2026/2027,12,Parma,Roma,,,False,5,4
2026/2027,12,Napoli,Torino,,,False,6,2
2026/2027,12,Sassuolo,Genoa,,,False,9,7
2026/2027,12,Milan,Frosinone,,,False,13,27
2026/2027,12,Bologna,Udinese,,,False,14,20
2026/2027,12,Atalanta,Inter,,,False,15,18
2026/2027,12,Monza,Fiorentina,,,False,25,1
2026/2027,12,Juventus,Venezia,,,False,11,23
2026/2027,13,Sassuolo,Napoli,,,False,9,6
2026/2027,13,Cagliari,Milan,,,False,10,13
2026/2027,13,Como,Juventus,,,False,28,11
2026/2027,13,Roma,Monza,,,False,4,25
2026/2027,13,Frosinone,Parma,,,False,27,5
2026/2027,13,Torino,Lazio,,,False,2,17
2026/2027,13,Venezia,Bologna,,,False,23,14
2026/2027,13,Lecce,Atalanta,,,False,24,15
2026/2027,13,Udinese,Fiorentina,,,False,20,1
2026/2027,13,Inter,Genoa,,,False,18,7
2026/2027,14,Genoa,Torino,,,False,7,2
2026/2027,14,Juventus,Udinese,,,False,11,20
2026/2027,14,Frosinone,Inter,,,False,27,18
2026/2027,14,Bologna,Roma,,,False,14,4
2026/2027,14,Fiorentina,Cagliari,,,False,1,10
2026/2027,14,Lazio,Atalanta,,,False,17,15
2026/2027,14,Milan,Parma,,,False,13,5
2026/2027,14,Venezia,Sassuolo,,,False,23,9
2026/2027,14,Monza,Como,,,False,25,28
2026/2027,14,Napoli,Lecce,,,False,6,24
2026/2027,15,Napoli,Milan,,,False,6,13
2026/2027,15,Como,Bologna,,,False,28,14
2026/2027,15,Udinese,Frosinone,,,False,20,27
2026/2027,15,Lecce,Sassuolo,,,False,24,9
2026/2027,15,Parma,Fiorentina,,,False,5,1
2026/2027,15,Cagliari,Venezia,,,False,10,23
2026/2027,15,Inter,Torino,,,False,18,2
2026/2027,15,Juventus,Monza,,,False,11,25
2026/2027,15,Atalanta,Genoa,,,False,15,7
2026/2027,15,Lazio,Roma,,,False,17,4
2026/2027,16,Milan,Como,,,False,13,28
2026/2027,16,Sassuolo,Parma,,,False,9,5
2026/2027,16,Roma,Juventus,,,False,4,11
2026/2027,16,Frosinone,Lazio,,,False,27,17
2026/2027,16,Atalanta,Napoli,,,False,15,6
2026/2027,16,Fiorentina,Bologna,,,False,1,14
2026/2027,16,Genoa,Udinese,,,False,7,20
2026/2027,16,Lecce,Inter,,,False,24,18
2026/2027,16,Torino,Cagliari,,,False,2,10
2026/2027,16,Venezia,Monza,,,False,23,25
2026/2027,17,Udinese,Atalanta,,,False,20,15
2026/2027,17,Como,Lecce,,,False,28,24
2026/2027,17,Roma,Frosinone,,,False,4,27
2026/2027,17,Parma,Napoli,,,False,5,6
2026/2027,17,Cagliari,Genoa,,,False,10,7
2026/2027,17,Torino,Venezia,,,False,2,23
2026/2027,17,Monza,Milan,,,False,25,13
2026/2027,17,Inter,Sassuolo,,,False,18,9
2026/2027,17,Bologna,Juventus,,,False,14,11
2026/2027,17,Fiorentina,Lazio,,,False,1,17
2026/2027,18,Frosinone,Bologna,,,False,27,14
2026/2027,18,Sassuolo,Udinese,,,False,9,20
2026/2027,18,Genoa,Monza,,,False,7,25
2026/2027,18,Venezia,Roma,,,False,23,4
2026/2027,18,Napoli,Cagliari,,,False,6,10
2026/2027,18,Milan,Fiorentina,,,False,13,1
2026/2027,18,Juventus,Torino,,,False,11,2
2026/2027,18,Atalanta,Como,,,False,15,28
2026/2027,18,Lazio,Inter,,,False,17,18
2026/2027,18,Lecce,Parma,,,False,24,5
2026/2027,19,Fiorentina,Lecce,,,False,1,24
2026/2027,19,Udinese,Napoli,,,False,20,6
2026/2027,19,Torino,Atalanta,,,False,2,15
2026/2027,19,Monza,Frosinone,,,False,25,27
2026/2027,19,Inter,Juventus,,,False,18,11
2026/2027,19,Parma,Venezia,,,False,5,23
2026/2027,19,Bologna,Genoa,,,False,14,7
2026/2027,19,Cagliari,Sassuolo,,,False,10,9
2026/2027,19,Como,Lazio,,,False,28,17
2026/2027,19,Roma,Milan,,,False,4,13
2026/2027,20,Milan,Torino,,,False,13,2
2026/2027,20,Parma,Inter,,,False,5,18
2026/2027,20,Juventus,Genoa,,,False,11,7
2026/2027,20,Lecce,Udinese,,,False,24,20
2026/2027,20,Cagliari,Como,,,False,10,28
2026/2027,20,Sassuolo,Monza,,,False,9,25
2026/2027,20,Napoli,Fiorentina,,,False,6,1
2026/2027,20,Lazio,Bologna,,,False,17,14
2026/2027,20,Venezia,Frosinone,,,False,23,27
2026/2027,20,Atalanta,Roma,,,False,15,4
2026/2027,21,Lecce,Torino,,,False,24,2
2026/2027,21,Juventus,Cagliari,,,False,11,10
2026/2027,21,Inter,Venezia,,,False,18,23
2026/2027,21,Fiorentina,Sassuolo,,,False,1,9
2026/2027,21,Frosinone,Milan,,,False,27,13
2026/2027,21,Roma,Udinese,,,False,4,20
2026/2027,21,Bologna,Atalanta,,,False,14,15
2026/2027,21,Genoa,Parma,,,False,7,5
2026/2027,21,Como,Napoli,,,False,28,6
2026/2027,21,Monza,Lazio,,,False,25,17
2026/2027,22,Milan,Juventus,,,False,13,11
2026/2027,22,Monza,Roma,,,False,25,4
2026/2027,22,Torino,Frosinone,,,False,2,27
2026/2027,22,Udinese,Bologna,,,False,20,14
2026/2027,22,Sassuolo,Como,,,False,9,28
2026/2027,22,Genoa,Lecce,,,False,7,24
2026/2027,22,Cagliari,Parma,,,False,10,5
2026/2027,22,Atalanta,Fiorentina,,,False,15,1
2026/2027,22,Lazio,Venezia,,,False,17,23
2026/2027,22,Napoli,Inter,,,False,6,18
2026/2027,23,Juventus,Sassuolo,,,False,11,9
2026/2027,23,Inter,Cagliari,,,False,18,10
2026/2027,23,Como,Monza,,,False,28,25
2026/2027,23,Lecce,Napoli,,,False,24,6
2026/2027,23,Venezia,Genoa,,,False,23,7
2026/2027,23,Roma,Torino,,,False,4,2
2026/2027,23,Atalanta,Lazio,,,False,15,17
2026/2027,23,Parma,Frosinone,,,False,5,27
2026/2027,23,Bologna,Milan,,,False,14,13
2026/2027,23,Fiorentina,Udinese,,,False,1,20
2026/2027,24,Napoli,Juventus,,,False,6,11
2026/2027,24,Monza,Lecce,,,False,25,24
2026/2027,24,Torino,Sassuolo,,,False,2,9
2026/2027,24,Frosinone,Fiorentina,,,False,27,1
2026/2027,24,Bologna,Como,,,False,14,28
2026/2027,24,Roma,Parma,,,False,4,5
2026/2027,24,Udinese,Venezia,,,False,20,23
2026/2027,24,Genoa,Atalanta,,,False,7,15
2026/2027,24,Cagliari,Lazio,,,False,10,17
2026/2027,24,Inter,Milan,,,False,18,13
2026/2027,25,Como,Torino,,,False,28,2
2026/2027,25,Atalanta,Monza,,,False,15,25
2026/2027,25,Udinese,Parma,,,False,20,5
2026/2027,25,Juventus,Bologna,,,False,11,14
2026/2027,25,Fiorentina,Inter,,,False,1,18
2026/2027,25,Sassuolo,Roma,,,False,9,4
2026/2027,25,Milan,Genoa,,,False,13,7
2026/2027,25,Venezia,Cagliari,,,False,23,10
2026/2027,25,Lecce,Frosinone,,,False,24,27
2026/2027,25,Lazio,Napoli,,,False,17,6
2026/2027,26,Inter,Atalanta,,,False,18,15
2026/2027,26,Cagliari,Udinese,,,False,10,20
2026/2027,26,Parma,Sassuolo,,,False,5,9
2026/2027,26,Genoa,Lazio,,,False,7,17
2026/2027,26,Roma,Venezia,,,False,4,23
2026/2027,26,Como,Milan,,,False,28,13
2026/2027,26,Torino,Fiorentina,,,False,2,1
2026/2027,26,Bologna,Lecce,,,False,14,24
2026/2027,26,Monza,Juventus,,,False,25,11
2026/2027,26,Frosinone,Napoli,,,False,27,6
2026/2027,27,Udinese,Inter,,,False,20,18
2026/2027,27,Atalanta,Torino,,,False,15,2
2026/2027,27,Napoli,Parma,,,False,6,5
2026/2027,27,Lecce,Como,,,False,24,28
2026/2027,27,Lazio,Frosinone,,,False,17,27
2026/2027,27,Sassuolo,Bologna,,,False,9,14
2026/2027,27,Monza,Genoa,,,False,25,7
2026/2027,27,Fiorentina,Venezia,,,False,1,23
2026/2027,27,Milan,Cagliari,,,False,13,10
2026/2027,27,Juventus,Roma,,,False,11,4
2026/2027,28,Bologna,Napoli,,,False,14,6
2026/2027,28,Cagliari,Fiorentina,,,False,10,1
2026/2027,28,Milan,Sassuolo,,,False,13,9
2026/2027,28,Genoa,Roma,,,False,7,4
2026/2027,28,Parma,Lecce,,,False,5,24
2026/2027,28,Torino,Inter,,,False,2,18
2026/2027,28,Frosinone,Monza,,,False,27,25
2026/2027,28,Como,Udinese,,,False,28,20
2026/2027,28,Lazio,Juventus,,,False,17,11
2026/2027,28,Venezia,Atalanta,,,False,23,15
2026/2027,29,Napoli,Venezia,,,False,6,23
2026/2027,29,Udinese,Torino,,,False,20,2
2026/2027,29,Juventus,Como,,,False,11,28
2026/2027,29,Fiorentina,Genoa,,,False,1,7
2026/2027,29,Parma,Lazio,,,False,5,17
2026/2027,29,Sassuolo,Cagliari,,,False,9,10
2026/2027,29,Monza,Bologna,,,False,25,14
2026/2027,29,Inter,Frosinone,,,False,18,27
2026/2027,29,Roma,Lecce,,,False,4,24
2026/2027,29,Atalanta,Milan,,,False,15,13
2026/2027,30,Lecce,Lazio,,,False,24,17
2026/2027,30,Cagliari,Napoli,,,False,10,6
2026/2027,30,Como,Fiorentina,,,False,28,1
2026/2027,30,Sassuolo,Atalanta,,,False,9,15
2026/2027,30,Roma,Bologna,,,False,4,14
2026/2027,30,Milan,Monza,,,False,13,25
2026/2027,30,Genoa,Inter,,,False,7,18
2026/2027,30,Torino,Juventus,,,False,2,11
2026/2027,30,Venezia,Parma,,,False,23,5
2026/2027,30,Frosinone,Udinese,,,False,27,20
2026/2027,31,Juventus,Lecce,,,False,11,24
2026/2027,31,Napoli,Sassuolo,,,False,6,9
2026/2027,31,Fiorentina,Milan,,,False,1,13
2026/2027,31,Lazio,Torino,,,False,17,2
2026/2027,31,Cagliari,Atalanta,,,False,10,15
2026/2027,31,Parma,Como,,,False,5,28
2026/2027,31,Bologna,Venezia,,,False,14,23
2026/2027,31,Frosinone,Genoa,,,False,27,7
2026/2027,31,Inter,Roma,,,False,18,4
2026/2027,31,Udinese,Monza,,,False,20,25
2026/2027,32,Monza,Inter,,,False,25,18
2026/2027,32,Fiorentina,Parma,,,False,1,5
2026/2027,32,Roma,Lazio,,,False,4,17
2026/2027,32,Como,Frosinone,,,False,28,27
2026/2027,32,Sassuolo,Lecce,,,False,9,24
2026/2027,32,Bologna,Cagliari,,,False,14,10
2026/2027,32,Atalanta,Udinese,,,False,15,20
2026/2027,32,Venezia,Juventus,,,False,23,11
2026/2027,32,Milan,Napoli,,,False,13,6
2026/2027,32,Torino,Genoa,,,False,2,7
2026/2027,33,Frosinone,Roma,,,False,27,4
2026/2027,33,Cagliari,Monza,,,False,10,25
2026/2027,33,Napoli,Udinese,,,False,6,20
2026/2027,33,Parma,Atalanta,,,False,5,15
2026/2027,33,Lazio,Como,,,False,17,28
2026/2027,33,Juventus,Fiorentina,,,False,11,1
2026/2027,33,Genoa,Sassuolo,,,False,7,9
2026/2027,33,Lecce,Milan,,,False,24,13
2026/2027,33,Venezia,Torino,,,False,23,2
2026/2027,33,Inter,Bologna,,,False,18,14
2026/2027,34,Atalanta,Juventus,,,False,15,11
2026/2027,34,Torino,Parma,,,False,2,5
2026/2027,34,Milan,Lazio,,,False,13,17
2026/2027,34,Udinese,Genoa,,,False,20,7
2026/2027,34,Sassuolo,Frosinone,,,False,9,27
2026/2027,34,Bologna,Fiorentina,,,False,14,1
2026/2027,34,Como,Inter,,,False,28,18
2026/2027,34,Monza,Venezia,,,False,25,23
2026/2027,34,Lecce,Cagliari,,,False,24,10
2026/2027,34,Roma,Napoli,,,False,4,6
2026/2027,35,Parma,Milan,,,False,5,13
2026/2027,35,Genoa,Cagliari,,,False,7,10
2026/2027,35,Lazio,Sassuolo,,,False,17,9
2026/2027,35,Napoli,Monza,,,False,6,25
2026/2027,35,Inter,Lecce,,,False,18,24
2026/2027,35,Venezia,Como,,,False,23,28
2026/2027,35,Udinese,Juventus,,,False,20,11
2026/2027,35,Torino,Bologna,,,False,2,14
2026/2027,35,Frosinone,Atalanta,,,False,27,15
2026/2027,35,Fiorentina,Roma,,,False,1,4
2026/2027,36,Napoli,Genoa,,,False,6,7
2026/2027,36,Lecce,Fiorentina,,,False,24,1
2026/2027,36,Lazio,Udinese,,,False,17,20
2026/2027,36,Bologna,Frosinone,,,False,14,27
2026/2027,36,Como,Atalanta,,,False,28,15
2026/2027,36,Juventus,Inter,,,False,11,18
2026/2027,36,Sassuolo,Venezia,,,False,9,23
2026/2027,36,Monza,Parma,,,False,25,5
2026/2027,36,Milan,Roma,,,False,13,4
2026/2027,36,Cagliari,Torino,,,False,10,2
2026/2027,37,Roma,Como,,,False,4,28
2026/2027,37,Parma,Juventus,,,False,5,11
2026/2027,37,Torino,Napoli,,,False,2,6
2026/2027,37,Atalanta,Lecce,,,False,15,24
2026/2027,37,Inter,Lazio,,,False,18,17
2026/2027,37,Udinese,Sassuolo,,,False,20,9
2026/2027,37,Frosinone,Cagliari,,,False,27,10
2026/2027,37,Fiorentina,Monza,,,False,1,25
2026/2027,37,Venezia,Milan,,,False,23,13
2026/2027,37,Genoa,Bologna,,,False,7,14
2026/2027,38,Milan,Udinese,,,False,13,20
2026/2027,38,Juventus,Frosinone,,,False,11,27
2026/2027,38,Monza,Torino,,,False,25,2
2026/2027,38,Sassuolo,Inter,,,False,9,18
2026/2027,38,Cagliari,Roma,,,False,10,4
2026/2027,38,Lazio,Fiorentina,,,False,17,1
2026/2027,38,Como,Genoa,,,False,28,7
2026/2027,38,Napoli,Atalanta,,,False,6,15
2026/2027,38,Lecce,Venezia,,,False,24,23
2026/2027,38,Bologna,Parma,,,False,14,5
